order,prefecture,city,kana_prefecture,kana_municipality
010006,北海道,,ホッカイドウ,
011002,北海道,札幌市,ホッカイドウ,サッポロシ
012025,北海道,函館市,ホッカイドウ,ハコダテシ
012033,北海道,小樽市,ホッカイドウ,オタルシ
012041,北海道,旭川市,ホッカイドウ,アサヒカワシ
012050,北海道,室蘭市,ホッカイドウ,ムロランシ
012068,北海道,釧路市,ホッカイドウ,クシロシ
012076,北海道,帯広市,ホッカイドウ,オビヒロシ
012084,北海道,北見市,ホッカイドウ,キタミシ
012092,北海道,夕張市,ホッカイドウ,ユウバリシ
012106,北海道,岩見沢市,ホッカイドウ,イワミザワシ
012114,北海道,網走市,ホッカイドウ,アバシリシ
012122,北海道,留萌市,ホッカイドウ,ルモイシ
012131,北海道,苫小牧市,ホッカイドウ,トマコマイシ
012149,北海道,稚内市,ホッカイドウ,ワッカナイシ
012157,北海道,美唄市,ホッカイドウ,ビバイシ
012165,北海道,芦別市,ホッカイドウ,アシベツシ
012173,北海道,江別市,ホッカイドウ,エベツシ
012181,北海道,赤平市,ホッカイドウ,アカビラシ
012190,北海道,紋別市,ホッカイドウ,モンベツシ
012203,北海道,士別市,ホッカイドウ,シベツシ
012211,北海道,名寄市,ホッカイドウ,ナヨロシ
012220,北海道,三笠市,ホッカイドウ,ミカサシ
012238,北海道,根室市,ホッカイドウ,ネムロシ
012246,北海道,千歳市,ホッカイドウ,チトセシ
012254,北海道,滝川市,ホッカイドウ,タキカワシ
012262,北海道,砂川市,ホッカイドウ,スナガワシ
012271,北海道,歌志内市,ホッカイドウ,ウタシナイシ
012289,北海道,深川市,ホッカイドウ,フカガワシ
012297,北海道,富良野市,ホッカイドウ,フラノシ
012301,北海道,登別市,ホッカイドウ,ノボリベツシ
012319,北海道,恵庭市,ホッカイドウ,エニワシ
012335,北海道,伊達市,ホッカイドウ,ダテシ
012343,北海道,北広島市,ホッカイドウ,キタヒロシマシ
012351,北海道,石狩市,ホッカイドウ,イシカリシ
012360,北海道,北斗市,ホッカイドウ,ホクトシ
013030,北海道,当別町,ホッカイドウ,トウベツチョウ
013048,北海道,新篠津村,ホッカイドウ,シンシノツムラ
013315,北海道,松前町,ホッカイドウ,マツマエチョウ
013323,北海道,福島町,ホッカイドウ,フクシマチョウ
013331,北海道,知内町,ホッカイドウ,シリウチチョウ
013340,北海道,木古内町,ホッカイドウ,キコナイチョウ
013374,北海道,七飯町,ホッカイドウ,ナナエチョウ
013439,北海道,鹿部町,ホッカイドウ,シカベチョウ
013455,北海道,森町,ホッカイドウ,モリマチ
013463,北海道,八雲町,ホッカイドウ,ヤクモチョウ
013471,北海道,長万部町,ホッカイドウ,オシャマンベチョウ
013617,北海道,江差町,ホッカイドウ,エサシチョウ
013625,北海道,上ノ国町,ホッカイドウ,カミノクニチョウ
013633,北海道,厚沢部町,ホッカイドウ,アッサブチョウ
013641,北海道,乙部町,ホッカイドウ,オトベチョウ
013676,北海道,奥尻町,ホッカイドウ,オクシリチョウ
013706,北海道,今金町,ホッカイドウ,イマカネチョウ
013714,北海道,せたな町,ホッカイドウ,セタナチョウ
013919,北海道,島牧村,ホッカイドウ,シママキムラ
013927,北海道,寿都町,ホッカイドウ,スッツチョウ
013935,北海道,黒松内町,ホッカイドウ,クロマツナイチョウ
013943,北海道,蘭越町,ホッカイドウ,ランコシチョウ
013951,北海道,ニセコ町,ホッカイドウ,ニセコチョウ
013960,北海道,真狩村,ホッカイドウ,マッカリムラ
013978,北海道,留寿都村,ホッカイドウ,ルスツムラ
013986,北海道,喜茂別町,ホッカイドウ,キモベツチョウ
013994,北海道,京極町,ホッカイドウ,キョウゴクチョウ
014001,北海道,倶知安町,ホッカイドウ,クッチャンチョウ
014010,北海道,共和町,ホッカイドウ,キョウワチョウ
014028,北海道,岩内町,ホッカイドウ,イワナイチョウ
014036,北海道,泊村,ホッカイドウ,トマリムラ
014044,北海道,神恵内村,ホッカイドウ,カモエナイムラ
014052,北海道,積丹町,ホッカイドウ,シャコタンチョウ
014061,北海道,古平町,ホッカイドウ,フルビラチョウ
014079,北海道,仁木町,ホッカイドウ,ニキチョウ
014087,北海道,余市町,ホッカイドウ,ヨイチチョウ
014095,北海道,赤井川村,ホッカイドウ,アカイガワムラ
014231,北海道,南幌町,ホッカイドウ,ナンポロチョウ
014249,北海道,奈井江町,ホッカイドウ,ナイエチョウ
014257,北海道,上砂川町,ホッカイドウ,カミスナガワチョウ
014273,北海道,由仁町,ホッカイドウ,ユニチョウ
014281,北海道,長沼町,ホッカイドウ,ナガヌマチョウ
014290,北海道,栗山町,ホッカイドウ,クリヤマチョウ
014303,北海道,月形町,ホッカイドウ,ツキガタチョウ
014311,北海道,浦臼町,ホッカイドウ,ウラウスチョウ
014320,北海道,新十津川町,ホッカイドウ,シントツカワチョウ
014338,北海道,妹背牛町,ホッカイドウ,モセウシチョウ
014346,北海道,秩父別町,ホッカイドウ,チップベツチョウ
014362,北海道,雨竜町,ホッカイドウ,ウリュウチョウ
014371,北海道,北竜町,ホッカイドウ,ホクリュウチョウ
014389,北海道,沼田町,ホッカイドウ,ヌマタチョウ
014524,北海道,鷹栖町,ホッカイドウ,タカスチョウ
014532,北海道,東神楽町,ホッカイドウ,ヒガシカグラチョウ
014541,北海道,当麻町,ホッカイドウ,トウマチョウ
014559,北海道,比布町,ホッカイドウ,ピップチョウ
014567,北海道,愛別町,ホッカイドウ,アイベツチョウ
014575,北海道,上川町,ホッカイドウ,カミカワチョウ
014583,北海道,東川町,ホッカイドウ,ヒガシカワチョウ
014591,北海道,美瑛町,ホッカイドウ,ビエイチョウ
014605,北海道,上富良野町,ホッカイドウ,カミフラノチョウ
014613,北海道,中富良野町,ホッカイドウ,ナカフラノチョウ
014621,北海道,南富良野町,ホッカイドウ,ミナミフラノチョウ
014630,北海道,占冠村,ホッカイドウ,シムカップムラ
014648,北海道,和寒町,ホッカイドウ,ワッサムチョウ
014656,北海道,剣淵町,ホッカイドウ,ケンブチチョウ
014681,北海道,下川町,ホッカイドウ,シモカワチョウ
014699,北海道,美深町,ホッカイドウ,ビフカチョウ
014702,北海道,音威子府村,ホッカイドウ,オトイネップムラ
014711,北海道,中川町,ホッカイドウ,ナカガワチョウ
014729,北海道,幌加内町,ホッカイドウ,ホロカナイチョウ
014818,北海道,増毛町,ホッカイドウ,マシケチョウ
014826,北海道,小平町,ホッカイドウ,オビラチョウ
014834,北海道,苫前町,ホッカイドウ,トママエチョウ
014842,北海道,羽幌町,ホッカイドウ,ハボロチョウ
014851,北海道,初山別村,ホッカイドウ,ショサンベツムラ
014869,北海道,遠別町,ホッカイドウ,エンベツチョウ
014877,北海道,天塩町,ホッカイドウ,テシオチョウ
015113,北海道,猿払村,ホッカイドウ,サルフツムラ
015121,北海道,浜頓別町,ホッカイドウ,ハマトンベツチョウ
015130,北海道,中頓別町,ホッカイドウ,ナカトンベツチョウ
015148,北海道,枝幸町,ホッカイドウ,エサシチョウ
015164,北海道,豊富町,ホッカイドウ,トヨトミチョウ
015172,北海道,礼文町,ホッカイドウ,レブンチョウ
015181,北海道,利尻町,ホッカイドウ,リシリチョウ
015199,北海道,利尻富士町,ホッカイドウ,リシリフジチョウ
015202,北海道,幌延町,ホッカイドウ,ホロノベチョウ
015431,北海道,美幌町,ホッカイドウ,ビホロチョウ
015440,北海道,津別町,ホッカイドウ,ツベツチョウ
015458,北海道,斜里町,ホッカイドウ,シャリチョウ
015466,北海道,清里町,ホッカイドウ,キヨサトチョウ
015474,北海道,小清水町,ホッカイドウ,コシミズチョウ
015491,北海道,訓子府町,ホッカイドウ,クンネップチョウ
015504,北海道,置戸町,ホッカイドウ,オケトチョウ
015521,北海道,佐呂間町,ホッカイドウ,サロマチョウ
015555,北海道,遠軽町,ホッカイドウ,エンガルチョウ
015598,北海道,湧別町,ホッカイドウ,ユウベツチョウ
015601,北海道,滝上町,ホッカイドウ,タキノウエチョウ
015610,北海道,興部町,ホッカイドウ,オコッペチョウ
015628,北海道,西興部村,ホッカイドウ,ニシオコッペムラ
015636,北海道,雄武町,ホッカイドウ,オウムチョウ
015644,北海道,大空町,ホッカイドウ,オオゾラチョウ
015717,北海道,豊浦町,ホッカイドウ,トヨウラチョウ
015750,北海道,壮瞥町,ホッカイドウ,ソウベツチョウ
015784,北海道,白老町,ホッカイドウ,シラオイチョウ
015814,北海道,厚真町,ホッカイドウ,アツマチョウ
015849,北海道,洞爺湖町,ホッカイドウ,トウヤコチョウ
015857,北海道,安平町,ホッカイドウ,アビラチョウ
015865,北海道,むかわ町,ホッカイドウ,ムカワチョウ
016012,北海道,日高町,ホッカイドウ,ヒダカチョウ
016021,北海道,平取町,ホッカイドウ,ビラトリチョウ
016047,北海道,新冠町,ホッカイドウ,ニイカップチョウ
016071,北海道,浦河町,ホッカイドウ,ウラカワチョウ
016080,北海道,様似町,ホッカイドウ,サマニチョウ
016098,北海道,えりも町,ホッカイドウ,エリモチョウ
016101,北海道,新ひだか町,ホッカイドウ,シンヒダカチョウ
016314,北海道,音更町,ホッカイドウ,オトフケチョウ
016322,北海道,士幌町,ホッカイドウ,シホロチョウ
016331,北海道,上士幌町,ホッカイドウ,カミシホロチョウ
016349,北海道,鹿追町,ホッカイドウ,シカオイチョウ
016357,北海道,新得町,ホッカイドウ,シントクチョウ
016365,北海道,清水町,ホッカイドウ,シミズチョウ
016373,北海道,芽室町,ホッカイドウ,メムロチョウ
016381,北海道,中札内村,ホッカイドウ,ナカサツナイムラ
016390,北海道,更別村,ホッカイドウ,サラベツムラ
016411,北海道,大樹町,ホッカイドウ,タイキチョウ
016420,北海道,広尾町,ホッカイドウ,ヒロオチョウ
016438,北海道,幕別町,ホッカイドウ,マクベツチョウ
016446,北海道,池田町,ホッカイドウ,イケダチョウ
016454,北海道,豊頃町,ホッカイドウ,トヨコロチョウ
016462,北海道,本別町,ホッカイドウ,ホンベツチョウ
016471,北海道,足寄町,ホッカイドウ,アショロチョウ
016489,北海道,陸別町,ホッカイドウ,リクベツチョウ
016497,北海道,浦幌町,ホッカイドウ,ウラホロチョウ
016616,北海道,釧路町,ホッカイドウ,クシロチョウ
016624,北海道,厚岸町,ホッカイドウ,アッケシチョウ
016632,北海道,浜中町,ホッカイドウ,ハマナカチョウ
016641,北海道,標茶町,ホッカイドウ,シベチャチョウ
016659,北海道,弟子屈町,ホッカイドウ,テシカガチョウ
016675,北海道,鶴居村,ホッカイドウ,ツルイムラ
016683,北海道,白糠町,ホッカイドウ,シラヌカチョウ
016918,北海道,別海町,ホッカイドウ,ベツカイチョウ
016926,北海道,中標津町,ホッカイドウ,ナカシベツチョウ
016934,北海道,標津町,ホッカイドウ,シベツチョウ
016942,北海道,羅臼町,ホッカイドウ,ラウスチョウ
020001,青森県,,アオモリケン,
022012,青森県,青森市,アオモリケン,アオモリシ
022021,青森県,弘前市,アオモリケン,ヒロサキシ
022039,青森県,八戸市,アオモリケン,ハチノヘシ
022047,青森県,黒石市,アオモリケン,クロイシシ
022055,青森県,五所川原市,アオモリケン,ゴショガワラシ
022063,青森県,十和田市,アオモリケン,トワダシ
022071,青森県,三沢市,アオモリケン,ミサワシ
022080,青森県,むつ市,アオモリケン,ムツシ
022098,青森県,つがる市,アオモリケン,ツガルシ
022101,青森県,平川市,アオモリケン,ヒラカワシ
023019,青森県,平内町,アオモリケン,ヒラナイマチ
023035,青森県,今別町,アオモリケン,イマベツマチ
023043,青森県,蓬田村,アオモリケン,ヨモギタムラ
023078,青森県,外ヶ浜町,アオモリケン,ソトガハママチ
023213,青森県,鰺ヶ沢町,アオモリケン,アジガサワマチ
023230,青森県,深浦町,アオモリケン,フカウラマチ
023434,青森県,西目屋村,アオモリケン,ニシメヤムラ
023612,青森県,藤崎町,アオモリケン,フジサキマチ
023621,青森県,大鰐町,アオモリケン,オオワニマチ
023671,青森県,田舎館村,アオモリケン,イナカダテムラ
023817,青森県,板柳町,アオモリケン,イタヤナギマチ
023841,青森県,鶴田町,アオモリケン,ツルタマチ
023876,青森県,中泊町,アオモリケン,ナカドマリマチ
024015,青森県,野辺地町,アオモリケン,ノヘジマチ
024023,青森県,七戸町,アオモリケン,シチノヘマチ
024058,青森県,六戸町,アオモリケン,ロクノヘマチ
024066,青森県,横浜町,アオモリケン,ヨコハママチ
024082,青森県,東北町,アオモリケン,トウホクマチ
024112,青森県,六ヶ所村,アオモリケン,ロッカショムラ
024121,青森県,おいらせ町,アオモリケン,オイラセチョウ
024236,青森県,大間町,アオモリケン,オオママチ
024244,青森県,東通村,アオモリケン,ヒガシドオリムラ
024252,青森県,風間浦村,アオモリケン,カザマウラムラ
024261,青森県,佐井村,アオモリケン,サイムラ
024414,青森県,三戸町,アオモリケン,サンノヘマチ
024422,青森県,五戸町,アオモリケン,ゴノヘマチ
024431,青森県,田子町,アオモリケン,タッコマチ
024457,青森県,南部町,アオモリケン,ナンブチョウ
024465,青森県,階上町,アオモリケン,ハシカミチョウ
024503,青森県,新郷村,アオモリケン,シンゴウムラ
030007,岩手県,,イワテケン,
032018,岩手県,盛岡市,イワテケン,モリオカシ
032026,岩手県,宮古市,イワテケン,ミヤコシ
032034,岩手県,大船渡市,イワテケン,オオフナトシ
032051,岩手県,花巻市,イワテケン,ハナマキシ
032069,岩手県,北上市,イワテケン,キタカミシ
032077,岩手県,久慈市,イワテケン,クジシ
032085,岩手県,遠野市,イワテケン,トオノシ
032093,岩手県,一関市,イワテケン,イチノセキシ
032107,岩手県,陸前高田市,イワテケン,リクゼンタカタシ
032115,岩手県,釜石市,イワテケン,カマイシシ
032131,岩手県,二戸市,イワテケン,ニノヘシ
032140,岩手県,八幡平市,イワテケン,ハチマンタイシ
032158,岩手県,奥州市,イワテケン,オウシュウシ
032166,岩手県,滝沢市,イワテケン,タキザワシ
033014,岩手県,雫石町,イワテケン,シズクイシチョウ
033022,岩手県,葛巻町,イワテケン,クズマキマチ
033031,岩手県,岩手町,イワテケン,イワテマチ
033219,岩手県,紫波町,イワテケン,シワチョウ
033227,岩手県,矢巾町,イワテケン,ヤハバチョウ
033669,岩手県,西和賀町,イワテケン,ニシワガマチ
033812,岩手県,金ケ崎町,イワテケン,カネガサキチョウ
034029,岩手県,平泉町,イワテケン,ヒライズミチョウ
034410,岩手県,住田町,イワテケン,スミタチョウ
034614,岩手県,大槌町,イワテケン,オオツチチョウ
034827,岩手県,山田町,イワテケン,ヤマダマチ
034835,岩手県,岩泉町,イワテケン,イワイズミチョウ
034843,岩手県,田野畑村,イワテケン,タノハタムラ
034851,岩手県,普代村,イワテケン,フダイムラ
035017,岩手県,軽米町,イワテケン,カルマイマチ
035033,岩手県,野田村,イワテケン,ノダムラ
035068,岩手県,九戸村,イワテケン,クノヘムラ
035076,岩手県,洋野町,イワテケン,ヒロノチョウ
035246,岩手県,一戸町,イワテケン,イチノヘマチ
040002,宮城県,,ミヤギケン,
041009,宮城県,仙台市,ミヤギケン,センダイシ
042021,宮城県,石巻市,ミヤギケン,イシノマキシ
042030,宮城県,塩竈市,ミヤギケン,シオガマシ
042056,宮城県,気仙沼市,ミヤギケン,ケセンヌマシ
042064,宮城県,白石市,ミヤギケン,シロイシシ
042072,宮城県,名取市,ミヤギケン,ナトリシ
042081,宮城県,角田市,ミヤギケン,カクダシ
042099,宮城県,多賀城市,ミヤギケン,タガジョウシ
042111,宮城県,岩沼市,ミヤギケン,イワヌマシ
042129,宮城県,登米市,ミヤギケン,トメシ
042137,宮城県,栗原市,ミヤギケン,クリハラシ
042145,宮城県,東松島市,ミヤギケン,ヒガシマツシマシ
042153,宮城県,大崎市,ミヤギケン,オオサキシ
042161,宮城県,富谷市,ミヤギケン,トミヤシ
043010,宮城県,蔵王町,ミヤギケン,ザオウマチ
043028,宮城県,七ヶ宿町,ミヤギケン,シチカシュクマチ
043214,宮城県,大河原町,ミヤギケン,オオガワラマチ
043222,宮城県,村田町,ミヤギケン,ムラタマチ
043231,宮城県,柴田町,ミヤギケン,シバタマチ
043249,宮城県,川崎町,ミヤギケン,カワサキマチ
043419,宮城県,丸森町,ミヤギケン,マルモリマチ
043613,宮城県,亘理町,ミヤギケン,ワタリチョウ
043621,宮城県,山元町,ミヤギケン,ヤマモトチョウ
044016,宮城県,松島町,ミヤギケン,マツシママチ
044041,宮城県,七ヶ浜町,ミヤギケン,シチガハママチ
044067,宮城県,利府町,ミヤギケン,リフチョウ
044211,宮城県,大和町,ミヤギケン,タイワチョウ
044229,宮城県,大郷町,ミヤギケン,オオサトチョウ
044245,宮城県,大衡村,ミヤギケン,オオヒラムラ
044440,宮城県,色麻町,ミヤギケン,シカマチョウ
044458,宮城県,加美町,ミヤギケン,カミマチ
045012,宮城県,涌谷町,ミヤギケン,ワクヤチョウ
045055,宮城県,美里町,ミヤギケン,ミサトマチ
045811,宮城県,女川町,ミヤギケン,オナガワチョウ
046060,宮城県,南三陸町,ミヤギケン,ミナミサンリクチョウ
050008,秋田県,,アキタケン,
052019,秋田県,秋田市,アキタケン,アキタシ
052027,秋田県,能代市,アキタケン,ノシロシ
052035,秋田県,横手市,アキタケン,ヨコテシ
052043,秋田県,大館市,アキタケン,オオダテシ
052060,秋田県,男鹿市,アキタケン,オガシ
052078,秋田県,湯沢市,アキタケン,ユザワシ
052094,秋田県,鹿角市,アキタケン,カヅノシ
052108,秋田県,由利本荘市,アキタケン,ユリホンジョウシ
052116,秋田県,潟上市,アキタケン,カタガミシ
052124,秋田県,大仙市,アキタケン,ダイセンシ
052132,秋田県,北秋田市,アキタケン,キタアキタシ
052141,秋田県,にかほ市,アキタケン,ニカホシ
052159,秋田県,仙北市,アキタケン,センボクシ
053031,秋田県,小坂町,アキタケン,コサカマチ
053279,秋田県,上小阿仁村,アキタケン,カミコアニムラ
053465,秋田県,藤里町,アキタケン,フジサトマチ
053481,秋田県,三種町,アキタケン,ミタネチョウ
053490,秋田県,八峰町,アキタケン,ハッポウチョウ
053619,秋田県,五城目町,アキタケン,ゴジョウメマチ
053635,秋田県,八郎潟町,アキタケン,ハチロウガタマチ
053660,秋田県,井川町,アキタケン,イカワマチ
053686,秋田県,大潟村,アキタケン,オオガタムラ
054348,秋田県,美郷町,アキタケン,ミサトチョウ
054631,秋田県,羽後町,アキタケン,ウゴマチ
054640,秋田県,東成瀬村,アキタケン,ヒガシナルセムラ
060003,山形県,,ヤマガタケン,
062014,山形県,山形市,ヤマガタケン,ヤマガタシ
062022,山形県,米沢市,ヤマガタケン,ヨネザワシ
062031,山形県,鶴岡市,ヤマガタケン,ツルオカシ
062049,山形県,酒田市,ヤマガタケン,サカタシ
062057,山形県,新庄市,ヤマガタケン,シンジョウシ
062065,山形県,寒河江市,ヤマガタケン,サガエシ
062073,山形県,上山市,ヤマガタケン,カミノヤマシ
062081,山形県,村山市,ヤマガタケン,ムラヤマシ
062090,山形県,長井市,ヤマガタケン,ナガイシ
062103,山形県,天童市,ヤマガタケン,テンドウシ
062111,山形県,東根市,ヤマガタケン,ヒガシネシ
062120,山形県,尾花沢市,ヤマガタケン,オバナザワシ
062138,山形県,南陽市,ヤマガタケン,ナンヨウシ
063011,山形県,山辺町,ヤマガタケン,ヤマノベマチ
063029,山形県,中山町,ヤマガタケン,ナカヤママチ
063215,山形県,河北町,ヤマガタケン,カホクチョウ
063223,山形県,西川町,ヤマガタケン,ニシカワマチ
063231,山形県,朝日町,ヤマガタケン,アサヒマチ
063240,山形県,大江町,ヤマガタケン,オオエマチ
063410,山形県,大石田町,ヤマガタケン,オオイシダマチ
063614,山形県,金山町,ヤマガタケン,カネヤママチ
063622,山形県,最上町,ヤマガタケン,モガミマチ
063631,山形県,舟形町,ヤマガタケン,フナガタマチ
063649,山形県,真室川町,ヤマガタケン,マムロガワマチ
063657,山形県,大蔵村,ヤマガタケン,オオクラムラ
063665,山形県,鮭川村,ヤマガタケン,サケガワムラ
063673,山形県,戸沢村,ヤマガタケン,トザワムラ
063819,山形県,高畠町,ヤマガタケン,タカハタマチ
063827,山形県,川西町,ヤマガタケン,カワニシマチ
064017,山形県,小国町,ヤマガタケン,オグニマチ
064025,山形県,白鷹町,ヤマガタケン,シラタカマチ
064033,山形県,飯豊町,ヤマガタケン,イイデマチ
064262,山形県,三川町,ヤマガタケン,ミカワマチ
064289,山形県,庄内町,ヤマガタケン,シヨウナイマチ
064611,山形県,遊佐町,ヤマガタケン,ユザマチ
070009,福島県,,フクシマケン,
072010,福島県,福島市,フクシマケン,フクシマシ
072028,福島県,会津若松市,フクシマケン,アイヅワカマツシ
072036,福島県,郡山市,フクシマケン,コオリヤマシ
072044,福島県,いわき市,フクシマケン,イワキシ
072052,福島県,白河市,フクシマケン,シラカワシ
072079,福島県,須賀川市,フクシマケン,スカガワシ
072087,福島県,喜多方市,フクシマケン,キタカタシ
072095,福島県,相馬市,フクシマケン,ソウマシ
072109,福島県,二本松市,フクシマケン,ニホンマツシ
072117,福島県,田村市,フクシマケン,タムラシ
072125,福島県,南相馬市,フクシマケン,ミナミソウマシ
072133,福島県,伊達市,フクシマケン,ダテシ
072141,福島県,本宮市,フクシマケン,モトミヤシ
073016,福島県,桑折町,フクシマケン,コオリマチ
073032,福島県,国見町,フクシマケン,クニミマチ
073083,福島県,川俣町,フクシマケン,カワマタマチ
073229,福島県,大玉村,フクシマケン,オオタマムラ
073423,福島県,鏡石町,フクシマケン,カガミイシマチ
073440,福島県,天栄村,フクシマケン,テンエイムラ
073628,福島県,下郷町,フクシマケン,シモゴウマチ
073644,福島県,檜枝岐村,フクシマケン,ヒノエマタムラ
073679,福島県,只見町,フクシマケン,タダミマチ
073687,福島県,南会津町,フクシマケン,ミナミアイヅマチ
074021,福島県,北塩原村,フクシマケン,キタシオバラムラ
074055,福島県,西会津町,フクシマケン,ニシアイヅマチ
074071,福島県,磐梯町,フクシマケン,バンダイマチ
074080,福島県,猪苗代町,フクシマケン,イナワシロマチ
074217,福島県,会津坂下町,フクシマケン,アイヅバンゲマチ
074225,福島県,湯川村,フクシマケン,ユガワムラ
074233,福島県,柳津町,フクシマケン,ヤナイヅマチ
074446,福島県,三島町,フクシマケン,ミシママチ
074454,福島県,金山町,フクシマケン,カネヤママチ
074462,福島県,昭和村,フクシマケン,ショウワムラ
074471,福島県,会津美里町,フクシマケン,アイヅミサトマチ
074616,福島県,西郷村,フクシマケン,ニシゴウムラ
074641,福島県,泉崎村,フクシマケン,イズミザキムラ
074659,福島県,中島村,フクシマケン,ナカジマムラ
074667,福島県,矢吹町,フクシマケン,ヤブキマチ
074811,福島県,棚倉町,フクシマケン,タナグラマチ
074829,福島県,矢祭町,フクシマケン,ヤマツリマチ
074837,福島県,塙町,フクシマケン,ハナワマチ
074845,福島県,鮫川村,フクシマケン,サメガワムラ
075019,福島県,石川町,フクシマケン,イシカワマチ
075027,福島県,玉川村,フクシマケン,タマカワムラ
075035,福島県,平田村,フクシマケン,ヒラタムラ
075043,福島県,浅川町,フクシマケン,アサカワマチ
075051,福島県,古殿町,フクシマケン,フルドノマチ
075213,福島県,三春町,フクシマケン,ミハルマチ
075221,福島県,小野町,フクシマケン,オノマチ
075418,福島県,広野町,フクシマケン,ヒロノマチ
075426,福島県,楢葉町,フクシマケン,ナラハマチ
075434,福島県,富岡町,フクシマケン,トミオカマチ
075442,福島県,川内村,フクシマケン,カワウチムラ
075451,福島県,大熊町,フクシマケン,オオクママチ
075469,福島県,双葉町,フクシマケン,フタバマチ
075477,福島県,浪江町,フクシマケン,ナミエマチ
075485,福島県,葛尾村,フクシマケン,カツラオムラ
075612,福島県,新地町,フクシマケン,シンチマチ
075647,福島県,飯舘村,フクシマケン,イイタテムラ
080004,茨城県,,イバラキケン,
082015,茨城県,水戸市,イバラキケン,ミトシ
082023,茨城県,日立市,イバラキケン,ヒタチシ
082031,茨城県,土浦市,イバラキケン,ツチウラシ
082040,茨城県,古河市,イバラキケン,コガシ
082058,茨城県,石岡市,イバラキケン,イシオカシ
082074,茨城県,結城市,イバラキケン,ユウキシ
082082,茨城県,龍ケ崎市,イバラキケン,リュウガサキシ
082104,茨城県,下妻市,イバラキケン,シモツマシ
082112,茨城県,常総市,イバラキケン,ジョウソウシ
082121,茨城県,常陸太田市,イバラキケン,ヒタチオオタシ
082147,茨城県,高萩市,イバラキケン,タカハギシ
082155,茨城県,北茨城市,イバラキケン,キタイバラキシ
082163,茨城県,笠間市,イバラキケン,カサマシ
082171,茨城県,取手市,イバラキケン,トリデシ
082198,茨城県,牛久市,イバラキケン,ウシクシ
082201,茨城県,つくば市,イバラキケン,ツクバシ
082210,茨城県,ひたちなか市,イバラキケン,ヒタチナカシ
082228,茨城県,鹿嶋市,イバラキケン,カシマシ
082236,茨城県,潮来市,イバラキケン,イタコシ
082244,茨城県,守谷市,イバラキケン,モリヤシ
082252,茨城県,常陸大宮市,イバラキケン,ヒタチオオミヤシ
082261,茨城県,那珂市,イバラキケン,ナカシ
082279,茨城県,筑西市,イバラキケン,チクセイシ
082287,茨城県,坂東市,イバラキケン,バンドウシ
082295,茨城県,稲敷市,イバラキケン,イナシキシ
082309,茨城県,かすみがうら市,イバラキケン,カスミガウラシ
082317,茨城県,桜川市,イバラキケン,サクラガワシ
082325,茨城県,神栖市,イバラキケン,カミスシ
082333,茨城県,行方市,イバラキケン,ナメガタシ
082341,茨城県,鉾田市,イバラキケン,ホコタシ
082350,茨城県,つくばみらい市,イバラキケン,ツクバミライシ
082368,茨城県,小美玉市,イバラキケン,オミタマシ
083020,茨城県,茨城町,イバラキケン,イバラキマチ
083097,茨城県,大洗町,イバラキケン,オオアライマチ
083101,茨城県,城里町,イバラキケン,シロサトマチ
083411,茨城県,東海村,イバラキケン,トウカイムラ
083640,茨城県,大子町,イバラキケン,ダイゴマチ
084425,茨城県,美浦村,イバラキケン,ミホムラ
084433,茨城県,阿見町,イバラキケン,アミマチ
084476,茨城県,河内町,イバラキケン,カワチマチ
085219,茨城県,八千代町,イバラキケン,ヤチヨマチ
085421,茨城県,五霞町,イバラキケン,ゴカマチ
085464,茨城県,境町,イバラキケン,サカイマチ
085642,茨城県,利根町,イバラキケン,トネマチ
090000,栃木県,,トチギケン,
092011,栃木県,宇都宮市,トチギケン,ウツノミヤシ
092029,栃木県,足利市,トチギケン,アシカガシ
092037,栃木県,栃木市,トチギケン,トチギシ
092045,栃木県,佐野市,トチギケン,サノシ
092053,栃木県,鹿沼市,トチギケン,カヌマシ
092061,栃木県,日光市,トチギケン,ニッコウシ
092088,栃木県,小山市,トチギケン,オヤマシ
092096,栃木県,真岡市,トチギケン,モオカシ
092100,栃木県,大田原市,トチギケン,オオタワラシ
092118,栃木県,矢板市,トチギケン,ヤイタシ
092134,栃木県,那須塩原市,トチギケン,ナスシオバラシ
092142,栃木県,さくら市,トチギケン,サクラシ
092151,栃木県,那須烏山市,トチギケン,ナスカラスヤマシ
092169,栃木県,下野市,トチギケン,シモツケシ
093017,栃木県,上三川町,トチギケン,カミノカワマチ
093424,栃木県,益子町,トチギケン,マシコマチ
093432,栃木県,茂木町,トチギケン,モテギマチ
093441,栃木県,市貝町,トチギケン,イチカイマチ
093459,栃木県,芳賀町,トチギケン,ハガマチ
093611,栃木県,壬生町,トチギケン,ミブマチ
093645,栃木県,野木町,トチギケン,ノギマチ
093840,栃木県,塩谷町,トチギケン,シオヤマチ
093866,栃木県,高根沢町,トチギケン,タカネザワマチ
094072,栃木県,那須町,トチギケン,ナスマチ
094111,栃木県,那珂川町,トチギケン,ナカガワマチ
100005,群馬県,,グンマケン,
102016,群馬県,前橋市,グンマケン,マエバシシ
102024,群馬県,高崎市,グンマケン,タカサキシ
102032,群馬県,桐生市,グンマケン,キリュウシ
102041,群馬県,伊勢崎市,グンマケン,イセサキシ
102059,群馬県,太田市,グンマケン,オオタシ
102067,群馬県,沼田市,グンマケン,ヌマタシ
102075,群馬県,館林市,グンマケン,タテバヤシシ
102083,群馬県,渋川市,グンマケン,シブカワシ
102091,群馬県,藤岡市,グンマケン,フジオカシ
102105,群馬県,富岡市,グンマケン,トミオカシ
102113,群馬県,安中市,グンマケン,アンナカシ
102121,群馬県,みどり市,グンマケン,ミドリシ
103446,群馬県,榛東村,グンマケン,シントウムラ
103454,群馬県,吉岡町,グンマケン,ヨシオカマチ
103667,群馬県,上野村,グンマケン,ウエノムラ
103675,群馬県,神流町,グンマケン,カンナマチ
103829,群馬県,下仁田町,グンマケン,シモニタマチ
103837,群馬県,南牧村,グンマケン,ナンモクムラ
103845,群馬県,甘楽町,グンマケン,カンラマチ
104213,群馬県,中之条町,グンマケン,ナカノジヨウマチ
104248,群馬県,長野原町,グンマケン,ナガノハラマチ
104256,群馬県,嬬恋村,グンマケン,ツマゴイムラ
104264,群馬県,草津町,グンマケン,クサツマチ
104281,群馬県,高山村,グンマケン,タカヤマムラ
104299,群馬県,東吾妻町,グンマケン,ヒガシアガツママチ
104434,群馬県,片品村,グンマケン,カタシナムラ
104442,群馬県,川場村,グンマケン,カワバムラ
104485,群馬県,昭和村,グンマケン,ショウワムラ
104493,群馬県,みなかみ町,グンマケン,ミナカミマチ
104647,群馬県,玉村町,グンマケン,タマムラマチ
105210,群馬県,板倉町,グンマケン,イタクラマチ
105228,群馬県,明和町,グンマケン,メイワマチ
105236,群馬県,千代田町,グンマケン,チヨダマチ
105244,群馬県,大泉町,グンマケン,オオイズミマチ
105252,群馬県,邑楽町,グンマケン,オウラマチ
110001,埼玉県,,サイタマケン,
111007,埼玉県,さいたま市,サイタマケン,サイタマシ
112011,埼玉県,川越市,サイタマケン,カワゴエシ
112020,埼玉県,熊谷市,サイタマケン,クマガヤシ
112038,埼玉県,川口市,サイタマケン,カワグチシ
112062,埼玉県,行田市,サイタマケン,ギヨウダシ
112071,埼玉県,秩父市,サイタマケン,チチブシ
112089,埼玉県,所沢市,サイタマケン,トコロザワシ
112097,埼玉県,飯能市,サイタマケン,ハンノウシ
112101,埼玉県,加須市,サイタマケン,カゾシ
112119,埼玉県,本庄市,サイタマケン,ホンジヨウシ
112127,埼玉県,東松山市,サイタマケン,ヒガシマツヤマシ
112143,埼玉県,春日部市,サイタマケン,カスカベシ
112151,埼玉県,狭山市,サイタマケン,サヤマシ
112160,埼玉県,羽生市,サイタマケン,ハニユウシ
112178,埼玉県,鴻巣市,サイタマケン,コウノスシ
112186,埼玉県,深谷市,サイタマケン,フカヤシ
112194,埼玉県,上尾市,サイタマケン,アゲオシ
112216,埼玉県,草加市,サイタマケン,ソウカシ
112224,埼玉県,越谷市,サイタマケン,コシガヤシ
112232,埼玉県,蕨市,サイタマケン,ワラビシ
112241,埼玉県,戸田市,サイタマケン,トダシ
112259,埼玉県,入間市,サイタマケン,イルマシ
112275,埼玉県,朝霞市,サイタマケン,アサカシ
112283,埼玉県,志木市,サイタマケン,シキシ
112291,埼玉県,和光市,サイタマケン,ワコウシ
112305,埼玉県,新座市,サイタマケン,ニイザシ
112313,埼玉県,桶川市,サイタマケン,オケガワシ
112321,埼玉県,久喜市,サイタマケン,クキシ
112330,埼玉県,北本市,サイタマケン,キタモトシ
112348,埼玉県,八潮市,サイタマケン,ヤシオシ
112356,埼玉県,富士見市,サイタマケン,フジミシ
112372,埼玉県,三郷市,サイタマケン,ミサトシ
112381,埼玉県,蓮田市,サイタマケン,ハスダシ
112399,埼玉県,坂戸市,サイタマケン,サカドシ
112402,埼玉県,幸手市,サイタマケン,サッテシ
112411,埼玉県,鶴ヶ島市,サイタマケン,ツルガシマシ
112429,埼玉県,日高市,サイタマケン,ヒダカシ
112437,埼玉県,吉川市,サイタマケン,ヨシカワシ
112453,埼玉県,ふじみ野市,サイタマケン,フジミノシ
112461,埼玉県,白岡市,サイタマケン,シラオカシ
113018,埼玉県,伊奈町,サイタマケン,イナマチ
113247,埼玉県,三芳町,サイタマケン,ミヨシマチ
113263,埼玉県,毛呂山町,サイタマケン,モロヤママチ
113271,埼玉県,越生町,サイタマケン,オゴセマチ
113417,埼玉県,滑川町,サイタマケン,ナメガワマチ
113425,埼玉県,嵐山町,サイタマケン,ランザンマチ
113433,埼玉県,小川町,サイタマケン,オガワマチ
113468,埼玉県,川島町,サイタマケン,カワジママチ
113476,埼玉県,吉見町,サイタマケン,ヨシミマチ
113484,埼玉県,鳩山町,サイタマケン,ハトヤママチ
113492,埼玉県,ときがわ町,サイタマケン,トキガワマチ
113611,埼玉県,横瀬町,サイタマケン,ヨコゼマチ
113620,埼玉県,皆野町,サイタマケン,ミナノマチ
113638,埼玉県,長瀞町,サイタマケン,ナガトロマチ
113654,埼玉県,小鹿野町,サイタマケン,オガノマチ
113697,埼玉県,東秩父村,サイタマケン,ヒガシチチブムラ
113816,埼玉県,美里町,サイタマケン,ミサトマチ
113832,埼玉県,神川町,サイタマケン,カミカワマチ
113859,埼玉県,上里町,サイタマケン,カミサトマチ
114081,埼玉県,寄居町,サイタマケン,ヨリイマチ
114421,埼玉県,宮代町,サイタマケン,ミヤシロマチ
114642,埼玉県,杉戸町,サイタマケン,スギトマチ
114651,埼玉県,松伏町,サイタマケン,マツブシマチ
120006,千葉県,,チバケン,
121002,千葉県,千葉市,チバケン,チバシ
122025,千葉県,銚子市,チバケン,チョウシシ
122033,千葉県,市川市,チバケン,イチカワシ
122041,千葉県,船橋市,チバケン,フナバシシ
122050,千葉県,館山市,チバケン,タテヤマシ
122068,千葉県,木更津市,チバケン,キサラヅシ
122076,千葉県,松戸市,チバケン,マツドシ
122084,千葉県,野田市,チバケン,ノダシ
122106,千葉県,茂原市,チバケン,モバラシ
122114,千葉県,成田市,チバケン,ナリタシ
122122,千葉県,佐倉市,チバケン,サクラシ
122131,千葉県,東金市,チバケン,トウガネシ
122157,千葉県,旭市,チバケン,アサヒシ
122165,千葉県,習志野市,チバケン,ナラシノシ
122173,千葉県,柏市,チバケン,カシワシ
122181,千葉県,勝浦市,チバケン,カツウラシ
122190,千葉県,市原市,チバケン,イチハラシ
122203,千葉県,流山市,チバケン,ナガレヤマシ
122211,千葉県,八千代市,チバケン,ヤチヨシ
122220,千葉県,我孫子市,チバケン,アビコシ
122238,千葉県,鴨川市,チバケン,カモガワシ
122246,千葉県,鎌ケ谷市,チバケン,カマガヤシ
122254,千葉県,君津市,チバケン,キミツシ
122262,千葉県,富津市,チバケン,フッツシ
122271,千葉県,浦安市,チバケン,ウラヤスシ
122289,千葉県,四街道市,チバケン,ヨツカイドウシ
122297,千葉県,袖ケ浦市,チバケン,ソデガウラシ
122301,千葉県,八街市,チバケン,ヤチマタシ
122319,千葉県,印西市,チバケン,インザイシ
122327,千葉県,白井市,チバケン,シロイシ
122335,千葉県,富里市,チバケン,トミサトシ
122343,千葉県,南房総市,チバケン,ミナミボウソウシ
122351,千葉県,匝瑳市,チバケン,ソウサシ
122360,千葉県,香取市,チバケン,カトリシ
122378,千葉県,山武市,チバケン,サンムシ
122386,千葉県,いすみ市,チバケン,イスミシ
122394,千葉県,大網白里市,チバケン,オオアミシラサトシ
123226,千葉県,酒々井町,チバケン,シスイマチ
123293,千葉県,栄町,チバケン,サカエマチ
123421,千葉県,神崎町,チバケン,コウザキマチ
123471,千葉県,多古町,チバケン,タコマチ
123498,千葉県,東庄町,チバケン,トウノショウマチ
124036,千葉県,九十九里町,チバケン,クジユウクリマチ
124095,千葉県,芝山町,チバケン,シバヤママチ
124109,千葉県,横芝光町,チバケン,ヨコシバヒカリマチ
124214,千葉県,一宮町,チバケン,イチノミヤマチ
124222,千葉県,睦沢町,チバケン,ムツザワマチ
124231,千葉県,長生村,チバケン,チョウセイムラ
124249,千葉県,白子町,チバケン,シラコマチ
124265,千葉県,長柄町,チバケン,ナガラマチ
124273,千葉県,長南町,チバケン,チョウナンマチ
124419,千葉県,大多喜町,チバケン,オオタキマチ
124435,千葉県,御宿町,チバケン,オンジユクマチ
124630,千葉県,鋸南町,チバケン,キヨナンマチ
130001,東京都,,トウキョウト,
131016,東京都,千代田区,トウキョウト,チヨダク
131024,東京都,中央区,トウキョウト,チュウオウク
131032,東京都,港区,トウキョウト,ミナトク
131041,東京都,新宿区,トウキョウト,シンジュクク
131059,東京都,文京区,トウキョウト,ブンキョウク
131067,東京都,台東区,トウキョウト,タイトウク
131075,東京都,墨田区,トウキョウト,スミダク
131083,東京都,江東区,トウキョウト,コウトウク
131091,東京都,品川区,トウキョウト,シナガワク
131105,東京都,目黒区,トウキョウト,メグロク
131113,東京都,大田区,トウキョウト,オオタク
131121,東京都,世田谷区,トウキョウト,セタガヤク
131130,東京都,渋谷区,トウキョウト,シブヤク
131148,東京都,中野区,トウキョウト,ナカノク
131156,東京都,杉並区,トウキョウト,スギナミク
131164,東京都,豊島区,トウキョウト,トシマク
131172,東京都,北区,トウキョウト,キタク
131181,東京都,荒川区,トウキョウト,アラカワク
131199,東京都,板橋区,トウキョウト,イタバシク
131202,東京都,練馬区,トウキョウト,ネリマク
131211,東京都,足立区,トウキョウト,アダチク
131229,東京都,葛飾区,トウキョウト,カツシカク
131237,東京都,江戸川区,トウキョウト,エドガワク
132012,東京都,八王子市,トウキョウト,ハチオウジシ
132021,東京都,立川市,トウキョウト,タチカワシ
132039,東京都,武蔵野市,トウキョウト,ムサシノシ
132047,東京都,三鷹市,トウキョウト,ミタカシ
132055,東京都,青梅市,トウキョウト,オウメシ
132063,東京都,府中市,トウキョウト,フチュウシ
132071,東京都,昭島市,トウキョウト,アキシマシ
132080,東京都,調布市,トウキョウト,チョウフシ
132098,東京都,町田市,トウキョウト,マチダシ
132101,東京都,小金井市,トウキョウト,コガネイシ
132110,東京都,小平市,トウキョウト,コダイラシ
132128,東京都,日野市,トウキョウト,ヒノシ
132136,東京都,東村山市,トウキョウト,ヒガシムラヤマシ
132144,東京都,国分寺市,トウキョウト,コクブンジシ
132152,東京都,国立市,トウキョウト,クニタチシ
132187,東京都,福生市,トウキョウト,フッサシ
132195,東京都,狛江市,トウキョウト,コマエシ
132209,東京都,東大和市,トウキョウト,ヒガシヤマトシ
132217,東京都,清瀬市,トウキョウト,キヨセシ
132225,東京都,東久留米市,トウキョウト,ヒガシクルメシ
132233,東京都,武蔵村山市,トウキョウト,ムサシムラヤマシ
132241,東京都,多摩市,トウキョウト,タマシ
132250,東京都,稲城市,トウキョウト,イナギシ
132276,東京都,羽村市,トウキョウト,ハムラシ
132284,東京都,あきる野市,トウキョウト,アキルノシ
132292,東京都,西東京市,トウキョウト,ニシトウキョウシ
133035,東京都,瑞穂町,トウキョウト,ミズホマチ
133051,東京都,日の出町,トウキョウト,ヒノデマチ
133078,東京都,檜原村,トウキョウト,ヒノハラムラ
133086,東京都,奥多摩町,トウキョウト,オクタママチ
133612,東京都,大島町,トウキョウト,オオシママチ
133621,東京都,利島村,トウキョウト,トシマムラ
133639,東京都,新島村,トウキョウト,ニイジマムラ
133647,東京都,神津島村,トウキョウト,コウヅシマムラ
133817,東京都,三宅村,トウキョウト,ミヤケムラ
133825,東京都,御蔵島村,トウキョウト,ミクラジマムラ
134015,東京都,八丈町,トウキョウト,ハチジョウマチ
134023,東京都,青ヶ島村,トウキョウト,アオガシマムラ
134210,東京都,小笠原村,トウキョウト,オガサワラムラ
140007,神奈川県,,カナガワケン,
141003,神奈川県,横浜市,カナガワケン,ヨコハマシ
141305,神奈川県,川崎市,カナガワケン,カワサキシ
141500,神奈川県,相模原市,カナガワケン,サガミハラシ
142018,神奈川県,横須賀市,カナガワケン,ヨコスカシ
142034,神奈川県,平塚市,カナガワケン,ヒラツカシ
142042,神奈川県,鎌倉市,カナガワケン,カマクラシ
142051,神奈川県,藤沢市,カナガワケン,フジサワシ
142069,神奈川県,小田原市,カナガワケン,オダワラシ
142077,神奈川県,茅ヶ崎市,カナガワケン,チガサキシ
142085,神奈川県,逗子市,カナガワケン,ズシシ
142107,神奈川県,三浦市,カナガワケン,ミウラシ
142115,神奈川県,秦野市,カナガワケン,ハダノシ
142123,神奈川県,厚木市,カナガワケン,アツギシ
142131,神奈川県,大和市,カナガワケン,ヤマトシ
142140,神奈川県,伊勢原市,カナガワケン,イセハラシ
142158,神奈川県,海老名市,カナガワケン,エビナシ
142166,神奈川県,座間市,カナガワケン,ザマシ
142174,神奈川県,南足柄市,カナガワケン,ミナミアシガラシ
142182,神奈川県,綾瀬市,カナガワケン,アヤセシ
143014,神奈川県,葉山町,カナガワケン,ハヤママチ
143219,神奈川県,寒川町,カナガワケン,サムカワマチ
143413,神奈川県,大磯町,カナガワケン,オオイソマチ
143421,神奈川県,二宮町,カナガワケン,ニノミヤマチ
143618,神奈川県,中井町,カナガワケン,ナカイマチ
143626,神奈川県,大井町,カナガワケン,オオイマチ
143634,神奈川県,松田町,カナガワケン,マツダマチ
143642,神奈川県,山北町,カナガワケン,ヤマキタマチ
143669,神奈川県,開成町,カナガワケン,カイセイマチ
143821,神奈川県,箱根町,カナガワケン,ハコネマチ
143839,神奈川県,真鶴町,カナガワケン,マナツルマチ
143847,神奈川県,湯河原町,カナガワケン,ユガワラマチ
144011,神奈川県,愛川町,カナガワケン,アイカワマチ
144029,神奈川県,清川村,カナガワケン,キヨカワムラ
150002,新潟県,,ニイガタケン,
151009,新潟県,新潟市,ニイガタケン,ニイガタシ
152021,新潟県,長岡市,ニイガタケン,ナガオカシ
152048,新潟県,三条市,ニイガタケン,サンジョウシ
152056,新潟県,柏崎市,ニイガタケン,カシワザキシ
152064,新潟県,新発田市,ニイガタケン,シバタシ
152081,新潟県,小千谷市,ニイガタケン,オヂヤシ
152099,新潟県,加茂市,ニイガタケン,カモシ
152102,新潟県,十日町市,ニイガタケン,トオカマチシ
152111,新潟県,見附市,ニイガタケン,ミツケシ
152129,新潟県,村上市,ニイガタケン,ムラカミシ
152137,新潟県,燕市,ニイガタケン,ツバメシ
152161,新潟県,糸魚川市,ニイガタケン,イトイガワシ
152170,新潟県,妙高市,ニイガタケン,ミョウコウシ
152188,新潟県,五泉市,ニイガタケン,ゴセンシ
152226,新潟県,上越市,ニイガタケン,ジョウエツシ
152234,新潟県,阿賀野市,ニイガタケン,アガノシ
152242,新潟県,佐渡市,ニイガタケン,サドシ
152251,新潟県,魚沼市,ニイガタケン,ウオヌマシ
152269,新潟県,南魚沼市,ニイガタケン,ミナミウオヌマシ
152277,新潟県,胎内市,ニイガタケン,タイナイシ
153079,新潟県,聖籠町,ニイガタケン,セイロウマチ
153427,新潟県,弥彦村,ニイガタケン,ヤヒコムラ
153613,新潟県,田上町,ニイガタケン,タガミマチ
153851,新潟県,阿賀町,ニイガタケン,アガマチ
154059,新潟県,出雲崎町,ニイガタケン,イズモザキマチ
154610,新潟県,湯沢町,ニイガタケン,ユザワマチ
154822,新潟県,津南町,ニイガタケン,ツナンマチ
155047,新潟県,刈羽村,ニイガタケン,カリワムラ
155811,新潟県,関川村,ニイガタケン,セキカワムラ
155861,新潟県,粟島浦村,ニイガタケン,アワシマウラムラ
160008,富山県,,トヤマケン,
162019,富山県,富山市,トヤマケン,トヤマシ
162027,富山県,高岡市,トヤマケン,タカオカシ
162043,富山県,魚津市,トヤマケン,ウオヅシ
162051,富山県,氷見市,トヤマケン,ヒミシ
162060,富山県,滑川市,トヤマケン,ナメリカワシ
162078,富山県,黒部市,トヤマケン,クロベシ
162086,富山県,砺波市,トヤマケン,トナミシ
162094,富山県,小矢部市,トヤマケン,オヤベシ
162108,富山県,南砺市,トヤマケン,ナントシ
162116,富山県,射水市,トヤマケン,イミズシ
163210,富山県,舟橋村,トヤマケン,フナハシムラ
163228,富山県,上市町,トヤマケン,カミイチマチ
163236,富山県,立山町,トヤマケン,タテヤママチ
163422,富山県,入善町,トヤマケン,ニュウゼンマチ
163431,富山県,朝日町,トヤマケン,アサヒマチ
170003,石川県,,イシカワケン,
172014,石川県,金沢市,イシカワケン,カナザワシ
172022,石川県,七尾市,イシカワケン,ナナオシ
172031,石川県,小松市,イシカワケン,コマツシ
172049,石川県,輪島市,イシカワケン,ワジマシ
172057,石川県,珠洲市,イシカワケン,スズシ
172065,石川県,加賀市,イシカワケン,カガシ
172073,石川県,羽咋市,イシカワケン,ハクイシ
172090,石川県,かほく市,イシカワケン,カホクシ
172103,石川県,白山市,イシカワケン,ハクサンシ
172111,石川県,能美市,イシカワケン,ノミシ
172120,石川県,野々市市,イシカワケン,ノノイチシ
173240,石川県,川北町,イシカワケン,カワキタマチ
173614,石川県,津幡町,イシカワケン,ツバタマチ
173657,石川県,内灘町,イシカワケン,ウチナダマチ
173843,石川県,志賀町,イシカワケン,シカマチ
173860,石川県,宝達志水町,イシカワケン,ホウダツシミズチョウ
174076,石川県,中能登町,イシカワケン,ナカノトマチ
174611,石川県,穴水町,イシカワケン,アナミズマチ
174637,石川県,能登町,イシカワケン,ノトチョウ
180009,福井県,,フクイケン,
182010,福井県,福井市,フクイケン,フクイシ
182028,福井県,敦賀市,フクイケン,ツルガシ
182044,福井県,小浜市,フクイケン,オバマシ
182052,福井県,大野市,フクイケン,オオノシ
182061,福井県,勝山市,フクイケン,カツヤマシ
182079,福井県,鯖江市,フクイケン,サバエシ
182087,福井県,あわら市,フクイケン,アワラシ
182095,福井県,越前市,フクイケン,エチゼンシ
182109,福井県,坂井市,フクイケン,サカイシ
183229,福井県,永平寺町,フクイケン,エイヘイジチョウ
183822,福井県,池田町,フクイケン,イケダチョウ
184047,福井県,南越前町,フクイケン,ミナミエチゼンチョウ
184233,福井県,越前町,フクイケン,エチゼンチョウ
184420,福井県,美浜町,フクイケン,ミハマチョウ
184811,福井県,高浜町,フクイケン,タカハマチョウ
184837,福井県,おおい町,フクイケン,オオイチョウ
185019,福井県,若狭町,フクイケン,ワカサチョウ
190004,山梨県,,ヤマナシケン,
192015,山梨県,甲府市,ヤマナシケン,コウフシ
192023,山梨県,富士吉田市,ヤマナシケン,フジヨシダシ
192040,山梨県,都留市,ヤマナシケン,ツルシ
192058,山梨県,山梨市,ヤマナシケン,ヤマナシシ
192066,山梨県,大月市,ヤマナシケン,オオツキシ
192074,山梨県,韮崎市,ヤマナシケン,ニラサキシ
192082,山梨県,南アルプス市,ヤマナシケン,ミナミアルプスシ
192091,山梨県,北杜市,ヤマナシケン,ホクトシ
192104,山梨県,甲斐市,ヤマナシケン,カイシ
192112,山梨県,笛吹市,ヤマナシケン,フエフキシ
192121,山梨県,上野原市,ヤマナシケン,ウエノハラシ
192139,山梨県,甲州市,ヤマナシケン,コウシュウシ
192147,山梨県,中央市,ヤマナシケン,チュウオウシ
193461,山梨県,市川三郷町,ヤマナシケン,イチカワミサトチョウ
193640,山梨県,早川町,ヤマナシケン,ハヤカワチョウ
193658,山梨県,身延町,ヤマナシケン,ミノブチョウ
193666,山梨県,南部町,ヤマナシケン,ナンブチョウ
193682,山梨県,富士川町,ヤマナシケン,フジカワチョウ
193844,山梨県,昭和町,ヤマナシケン,ショウワチョウ
194221,山梨県,道志村,ヤマナシケン,ドウシムラ
194239,山梨県,西桂町,ヤマナシケン,ニシカツラチョウ
194247,山梨県,忍野村,ヤマナシケン,オシノムラ
194255,山梨県,山中湖村,ヤマナシケン,ヤマナカコムラ
194298,山梨県,鳴沢村,ヤマナシケン,ナルサワムラ
194301,山梨県,富士河口湖町,ヤマナシケン,フジカワグチコマチ
194425,山梨県,小菅村,ヤマナシケン,コスゲムラ
194433,山梨県,丹波山村,ヤマナシケン,タバヤマムラ
200000,長野県,,ナガノケン,
202011,長野県,長野市,ナガノケン,ナガノシ
202029,長野県,松本市,ナガノケン,マツモトシ
202037,長野県,上田市,ナガノケン,ウエダシ
202045,長野県,岡谷市,ナガノケン,オカヤシ
202053,長野県,飯田市,ナガノケン,イイダシ
202061,長野県,諏訪市,ナガノケン,スワシ
202070,長野県,須坂市,ナガノケン,スザカシ
202088,長野県,小諸市,ナガノケン,コモロシ
202096,長野県,伊那市,ナガノケン,イナシ
202100,長野県,駒ヶ根市,ナガノケン,コマガネシ
202118,長野県,中野市,ナガノケン,ナカノシ
202126,長野県,大町市,ナガノケン,オオマチシ
202134,長野県,飯山市,ナガノケン,イイヤマシ
202142,長野県,茅野市,ナガノケン,チノシ
202151,長野県,塩尻市,ナガノケン,シオジリシ
202177,長野県,佐久市,ナガノケン,サクシ
202185,長野県,千曲市,ナガノケン,チクマシ
202193,長野県,東御市,ナガノケン,トウミシ
202207,長野県,安曇野市,ナガノケン,アヅミノシ
203033,長野県,小海町,ナガノケン,コウミマチ
203041,長野県,川上村,ナガノケン,カワカミムラ
203050,長野県,南牧村,ナガノケン,ミナミマキムラ
203068,長野県,南相木村,ナガノケン,ミナミアイキムラ
203076,長野県,北相木村,ナガノケン,キタアイキムラ
203092,長野県,佐久穂町,ナガノケン,サクホマチ
203211,長野県,軽井沢町,ナガノケン,カルイザワマチ
203238,長野県,御代田町,ナガノケン,ミヨタマチ
203246,長野県,立科町,ナガノケン,タテシナマチ
203491,長野県,青木村,ナガノケン,アオキムラ
203505,長野県,長和町,ナガノケン,ナガワマチ
203611,長野県,下諏訪町,ナガノケン,シモスワマチ
203629,長野県,富士見町,ナガノケン,フジミマチ
203637,長野県,原村,ナガノケン,ハラムラ
203823,長野県,辰野町,ナガノケン,タツノマチ
203831,長野県,箕輪町,ナガノケン,ミノワマチ
203840,長野県,飯島町,ナガノケン,イイジママチ
203858,長野県,南箕輪村,ナガノケン,ミナミミノワムラ
203866,長野県,中川村,ナガノケン,ナカガワムラ
203882,長野県,宮田村,ナガノケン,ミヤダムラ
204021,長野県,松川町,ナガノケン,マツカワマチ
204030,長野県,高森町,ナガノケン,タカモリマチ
204048,長野県,阿南町,ナガノケン,アナンチョウ
204072,長野県,阿智村,ナガノケン,アチムラ
204099,長野県,平谷村,ナガノケン,ヒラヤムラ
204102,長野県,根羽村,ナガノケン,ネバムラ
204111,長野県,下條村,ナガノケン,シモジョウムラ
204129,長野県,売木村,ナガノケン,ウルギムラ
204137,長野県,天龍村,ナガノケン,テンリュウムラ
204145,長野県,泰阜村,ナガノケン,ヤスオカムラ
204153,長野県,喬木村,ナガノケン,タカギムラ
204161,長野県,豊丘村,ナガノケン,トヨオカムラ
204170,長野県,大鹿村,ナガノケン,オオシカムラ
204226,長野県,上松町,ナガノケン,アゲマツマチ
204234,長野県,南木曽町,ナガノケン,ナギソマチ
204251,長野県,木祖村,ナガノケン,キソムラ
204293,長野県,王滝村,ナガノケン,オウタキムラ
204307,長野県,大桑村,ナガノケン,オオクワムラ
204323,長野県,木曽町,ナガノケン,キソマチ
204463,長野県,麻績村,ナガノケン,オミムラ
204480,長野県,生坂村,ナガノケン,イクサカムラ
204501,長野県,山形村,ナガノケン,ヤマガタムラ
204510,長野県,朝日村,ナガノケン,アサヒムラ
204528,長野県,筑北村,ナガノケン,チクホクムラ
204811,長野県,池田町,ナガノケン,イケダマチ
204820,長野県,松川村,ナガノケン,マツカワムラ
204854,長野県,白馬村,ナガノケン,ハクバムラ
204862,長野県,小谷村,ナガノケン,オタリムラ
205214,長野県,坂城町,ナガノケン,サカキマチ
205419,長野県,小布施町,ナガノケン,オブセマチ
205435,長野県,高山村,ナガノケン,タカヤマムラ
205613,長野県,山ノ内町,ナガノケン,ヤマノウチマチ
205621,長野県,木島平村,ナガノケン,キジマダイラムラ
205630,長野県,野沢温泉村,ナガノケン,ノザワオンセンムラ
205834,長野県,信濃町,ナガノケン,シナノマチ
205885,長野県,小川村,ナガノケン,オガワムラ
205907,長野県,飯綱町,ナガノケン,イイヅナマチ
206024,長野県,栄村,ナガノケン,サカエムラ
210005,岐阜県,,ギフケン,
212016,岐阜県,岐阜市,ギフケン,ギフシ
212024,岐阜県,大垣市,ギフケン,オオガキシ
212032,岐阜県,高山市,ギフケン,タカヤマシ
212041,岐阜県,多治見市,ギフケン,タジミシ
212059,岐阜県,関市,ギフケン,セキシ
212067,岐阜県,中津川市,ギフケン,ナカツガワシ
212075,岐阜県,美濃市,ギフケン,ミノシ
212083,岐阜県,瑞浪市,ギフケン,ミズナミシ
212091,岐阜県,羽島市,ギフケン,ハシマシ
212105,岐阜県,恵那市,ギフケン,エナシ
212113,岐阜県,美濃加茂市,ギフケン,ミノカモシ
212121,岐阜県,土岐市,ギフケン,トキシ
212130,岐阜県,各務原市,ギフケン,カカミガハラシ
212148,岐阜県,可児市,ギフケン,カニシ
212156,岐阜県,山県市,ギフケン,ヤマガタシ
212164,岐阜県,瑞穂市,ギフケン,ミズホシ
212172,岐阜県,飛騨市,ギフケン,ヒダシ
212181,岐阜県,本巣市,ギフケン,モトスシ
212199,岐阜県,郡上市,ギフケン,グジョウシ
212202,岐阜県,下呂市,ギフケン,ゲロシ
212211,岐阜県,海津市,ギフケン,カイヅシ
213021,岐阜県,岐南町,ギフケン,ギナンチョウ
213039,岐阜県,笠松町,ギフケン,カサマツチョウ
213411,岐阜県,養老町,ギフケン,ヨウロウチョウ
213616,岐阜県,垂井町,ギフケン,タルイチョウ
213624,岐阜県,関ケ原町,ギフケン,セキガハラチョウ
213811,岐阜県,神戸町,ギフケン,ゴウドチョウ
213829,岐阜県,輪之内町,ギフケン,ワノウチチョウ
213837,岐阜県,安八町,ギフケン,アンパチチョウ
214019,岐阜県,揖斐川町,ギフケン,イビガワチョウ
214035,岐阜県,大野町,ギフケン,オオノチョウ
214043,岐阜県,池田町,ギフケン,イケダチョウ
214213,岐阜県,北方町,ギフケン,キタガタチョウ
215015,岐阜県,坂祝町,ギフケン,サカホギチョウ
215023,岐阜県,富加町,ギフケン,トミカチョウ
215031,岐阜県,川辺町,ギフケン,カワベチョウ
215040,岐阜県,七宗町,ギフケン,ヒチソウチョウ
215058,岐阜県,八百津町,ギフケン,ヤオツチョウ
215066,岐阜県,白川町,ギフケン,シラカワチョウ
215074,岐阜県,東白川村,ギフケン,ヒガシシラカワムラ
215210,岐阜県,御嵩町,ギフケン,ミタケチョウ
216046,岐阜県,白川村,ギフケン,シラカワムラ
220001,静岡県,,シズオカケン,
221007,静岡県,静岡市,シズオカケン,シズオカシ
221309,静岡県,浜松市,シズオカケン,ハママツシ
222038,静岡県,沼津市,シズオカケン,ヌマヅシ
222054,静岡県,熱海市,シズオカケン,アタミシ
222062,静岡県,三島市,シズオカケン,ミシマシ
222071,静岡県,富士宮市,シズオカケン,フジノミヤシ
222089,静岡県,伊東市,シズオカケン,イトウシ
222097,静岡県,島田市,シズオカケン,シマダシ
222101,静岡県,富士市,シズオカケン,フジシ
222119,静岡県,磐田市,シズオカケン,イワタシ
222127,静岡県,焼津市,シズオカケン,ヤイヅシ
222135,静岡県,掛川市,シズオカケン,カケガワシ
222143,静岡県,藤枝市,シズオカケン,フジエダシ
222151,静岡県,御殿場市,シズオカケン,ゴテンバシ
222160,静岡県,袋井市,シズオカケン,フクロイシ
222194,静岡県,下田市,シズオカケン,シモダシ
222208,静岡県,裾野市,シズオカケン,スソノシ
222216,静岡県,湖西市,シズオカケン,コサイシ
222224,静岡県,伊豆市,シズオカケン,イズシ
222232,静岡県,御前崎市,シズオカケン,オマエザキシ
222241,静岡県,菊川市,シズオカケン,キクガワシ
222259,静岡県,伊豆の国市,シズオカケン,イズノクニシ
222267,静岡県,牧之原市,シズオカケン,マキノハラシ
223018,静岡県,東伊豆町,シズオカケン,ヒガシイズチョウ
223026,静岡県,河津町,シズオカケン,カワヅチョウ
223042,静岡県,南伊豆町,シズオカケン,ミナミイズチョウ
223051,静岡県,松崎町,シズオカケン,マツザキチョウ
223069,静岡県,西伊豆町,シズオカケン,ニシイズチョウ
223255,静岡県,函南町,シズオカケン,カンナミチョウ
223417,静岡県,清水町,シズオカケン,シミズチョウ
223425,静岡県,長泉町,シズオカケン,ナガイズミチョウ
223441,静岡県,小山町,シズオカケン,オヤマチョウ
224243,静岡県,吉田町,シズオカケン,ヨシダチョウ
224294,静岡県,川根本町,シズオカケン,カワネホンチョウ
224618,静岡県,森町,シズオカケン,モリマチ
230006,愛知県,,アイチケン,
231002,愛知県,名古屋市,アイチケン,ナゴヤシ
232017,愛知県,豊橋市,アイチケン,トヨハシシ
232025,愛知県,岡崎市,アイチケン,オカザキシ
232033,愛知県,一宮市,アイチケン,イチノミヤシ
232041,愛知県,瀬戸市,アイチケン,セトシ
232050,愛知県,半田市,アイチケン,ハンダシ
232068,愛知県,春日井市,アイチケン,カスガイシ
232076,愛知県,豊川市,アイチケン,トヨカワシ
232084,愛知県,津島市,アイチケン,ツシマシ
232092,愛知県,碧南市,アイチケン,ヘキナンシ
232106,愛知県,刈谷市,アイチケン,カリヤシ
232114,愛知県,豊田市,アイチケン,トヨタシ
232122,愛知県,安城市,アイチケン,アンジョウシ
232131,愛知県,西尾市,アイチケン,ニシオシ
232149,愛知県,蒲郡市,アイチケン,ガマゴオリシ
232157,愛知県,犬山市,アイチケン,イヌヤマシ
232165,愛知県,常滑市,アイチケン,トコナメシ
232173,愛知県,江南市,アイチケン,コウナンシ
232190,愛知県,小牧市,アイチケン,コマキシ
232203,愛知県,稲沢市,アイチケン,イナザワシ
232211,愛知県,新城市,アイチケン,シンシロシ
232220,愛知県,東海市,アイチケン,トウカイシ
232238,愛知県,大府市,アイチケン,オオブシ
232246,愛知県,知多市,アイチケン,チタシ
232254,愛知県,知立市,アイチケン,チリュウシ
232262,愛知県,尾張旭市,アイチケン,オワリアサヒシ
232271,愛知県,高浜市,アイチケン,タカハマシ
232289,愛知県,岩倉市,アイチケン,イワクラシ
232297,愛知県,豊明市,アイチケン,トヨアケシ
232301,愛知県,日進市,アイチケン,ニッシンシ
232319,愛知県,田原市,アイチケン,タハラシ
232327,愛知県,愛西市,アイチケン,アイサイシ
232335,愛知県,清須市,アイチケン,キヨスシ
232343,愛知県,北名古屋市,アイチケン,キタナゴヤシ
232351,愛知県,弥富市,アイチケン,ヤトミシ
232360,愛知県,みよし市,アイチケン,ミヨシシ
232378,愛知県,あま市,アイチケン,アマシ
232386,愛知県,長久手市,アイチケン,ナガクテシ
233021,愛知県,東郷町,アイチケン,トウゴウチョウ
233421,愛知県,豊山町,アイチケン,トヨヤマチョウ
233617,愛知県,大口町,アイチケン,オオグチチョウ
233625,愛知県,扶桑町,アイチケン,フソウチョウ
234249,愛知県,大治町,アイチケン,オオハルチョウ
234257,愛知県,蟹江町,アイチケン,カニエチョウ
234273,愛知県,飛島村,アイチケン,トビシマムラ
234419,愛知県,阿久比町,アイチケン,アグイチョウ
234427,愛知県,東浦町,アイチケン,ヒガシウラチョウ
234451,愛知県,南知多町,アイチケン,ミナミチタチョウ
234460,愛知県,美浜町,アイチケン,ミハマチョウ
234478,愛知県,武豊町,アイチケン,タケトヨチョウ
235016,愛知県,幸田町,アイチケン,コウタチョウ
235610,愛知県,設楽町,アイチケン,シタラチョウ
235628,愛知県,東栄町,アイチケン,トウエイチョウ
235636,愛知県,豊根村,アイチケン,トヨネムラ
240001,三重県,,ミエケン,
242012,三重県,津市,ミエケン,ツシ
242021,三重県,四日市市,ミエケン,ヨッカイチシ
242039,三重県,伊勢市,ミエケン,イセシ
242047,三重県,松阪市,ミエケン,マツサカシ
242055,三重県,桑名市,ミエケン,クワナシ
242071,三重県,鈴鹿市,ミエケン,スズカシ
242080,三重県,名張市,ミエケン,ナバリシ
242098,三重県,尾鷲市,ミエケン,オワセシ
242101,三重県,亀山市,ミエケン,カメヤマシ
242110,三重県,鳥羽市,ミエケン,トバシ
242128,三重県,熊野市,ミエケン,クマノシ
242144,三重県,いなべ市,ミエケン,イナベシ
242152,三重県,志摩市,ミエケン,シマシ
242161,三重県,伊賀市,ミエケン,イガシ
243035,三重県,木曽岬町,ミエケン,キソサキチョウ
243248,三重県,東員町,ミエケン,トウインチョウ
243418,三重県,菰野町,ミエケン,コモノチョウ
243434,三重県,朝日町,ミエケン,アサヒチョウ
243442,三重県,川越町,ミエケン,カワゴエチョウ
244414,三重県,多気町,ミエケン,タキチョウ
244422,三重県,明和町,ミエケン,メイワチョウ
244431,三重県,大台町,ミエケン,オオダイチョウ
244619,三重県,玉城町,ミエケン,タマキチョウ
244708,三重県,度会町,ミエケン,ワタライチョウ
244716,三重県,大紀町,ミエケン,タイキチョウ
244724,三重県,南伊勢町,ミエケン,ミナミイセチョウ
245437,三重県,紀北町,ミエケン,キホクチョウ
245615,三重県,御浜町,ミエケン,ミハマチョウ
245623,三重県,紀宝町,ミエケン,キホウチョウ
250007,滋賀県,,シガケン,
252018,滋賀県,大津市,シガケン,オオツシ
252026,滋賀県,彦根市,シガケン,ヒコネシ
252034,滋賀県,長浜市,シガケン,ナガハマシ
252042,滋賀県,近江八幡市,シガケン,オウミハチマンシ
252069,滋賀県,草津市,シガケン,クサツシ
252077,滋賀県,守山市,シガケン,モリヤマシ
252085,滋賀県,栗東市,シガケン,リットウシ
252093,滋賀県,甲賀市,シガケン,コウカシ
252107,滋賀県,野洲市,シガケン,ヤスシ
252115,滋賀県,湖南市,シガケン,コナンシ
252123,滋賀県,高島市,シガケン,タカシマシ
252131,滋賀県,東近江市,シガケン,ヒガシオウミシ
252140,滋賀県,米原市,シガケン,マイバラシ
253839,滋賀県,日野町,シガケン,ヒノチョウ
253847,滋賀県,竜王町,シガケン,リユウオウチョウ
254258,滋賀県,愛荘町,シガケン,アイショウチョウ
254410,滋賀県,豊郷町,シガケン,トヨサトチョウ
254428,滋賀県,甲良町,シガケン,コウラチョウ
254436,滋賀県,多賀町,シガケン,タガチョウ
260002,京都府,,キョウトフ,
261009,京都府,京都市,キョウトフ,キョウトシ
262013,京都府,福知山市,キョウトフ,フクチヤマシ
262021,京都府,舞鶴市,キョウトフ,マイヅルシ
262030,京都府,綾部市,キョウトフ,アヤベシ
262048,京都府,宇治市,キョウトフ,ウジシ
262056,京都府,宮津市,キョウトフ,ミヤヅシ
262064,京都府,亀岡市,キョウトフ,カメオカシ
262072,京都府,城陽市,キョウトフ,ジョウヨウシ
262081,京都府,向日市,キョウトフ,ムコウシ
262099,京都府,長岡京市,キョウトフ,ナガオカキョウシ
262102,京都府,八幡市,キョウトフ,ヤワタシ
262111,京都府,京田辺市,キョウトフ,キョウタナベシ
262129,京都府,京丹後市,キョウトフ,キョウタンゴシ
262137,京都府,南丹市,キョウトフ,ナンタンシ
262145,京都府,木津川市,キョウトフ,キヅガワシ
263036,京都府,大山崎町,キョウトフ,オオヤマザキチョウ
263222,京都府,久御山町,キョウトフ,クミヤマチョウ
263435,京都府,井手町,キョウトフ,イデチョウ
263443,京都府,宇治田原町,キョウトフ,ウジタワラチョウ
263648,京都府,笠置町,キョウトフ,カサギチョウ
263656,京都府,和束町,キョウトフ,ワヅカチョウ
263664,京都府,精華町,キョウトフ,セイカチョウ
263672,京都府,南山城村,キョウトフ,ミナミヤマシロムラ
264075,京都府,京丹波町,キョウトフ,キョウタンバチョウ
264636,京都府,伊根町,キョウトフ,イネチョウ
264652,京都府,与謝野町,キョウトフ,ヨサノチョウ
270008,大阪府,,オオサカフ,
271004,大阪府,大阪市,オオサカフ,オオサカシ
271403,大阪府,堺市,オオサカフ,サカイシ
272027,大阪府,岸和田市,オオサカフ,キシワダシ
272035,大阪府,豊中市,オオサカフ,トヨナカシ
272043,大阪府,池田市,オオサカフ,イケダシ
272051,大阪府,吹田市,オオサカフ,スイタシ
272060,大阪府,泉大津市,オオサカフ,イズミオオツシ
272078,大阪府,高槻市,オオサカフ,タカツキシ
272086,大阪府,貝塚市,オオサカフ,カイヅカシ
272094,大阪府,守口市,オオサカフ,モリグチシ
272108,大阪府,枚方市,オオサカフ,ヒラカタシ
272116,大阪府,茨木市,オオサカフ,イバラキシ
272124,大阪府,八尾市,オオサカフ,ヤオシ
272132,大阪府,泉佐野市,オオサカフ,イズミサノシ
272141,大阪府,富田林市,オオサカフ,トンダバヤシシ
272159,大阪府,寝屋川市,オオサカフ,ネヤガワシ
272167,大阪府,河内長野市,オオサカフ,カワチナガノシ
272175,大阪府,松原市,オオサカフ,マツバラシ
272183,大阪府,大東市,オオサカフ,ダイトウシ
272191,大阪府,和泉市,オオサカフ,イズミシ
272205,大阪府,箕面市,オオサカフ,ミノオシ
272213,大阪府,柏原市,オオサカフ,カシワラシ
272221,大阪府,羽曳野市,オオサカフ,ハビキノシ
272230,大阪府,門真市,オオサカフ,カドマシ
272248,大阪府,摂津市,オオサカフ,セッツシ
272256,大阪府,高石市,オオサカフ,タカイシシ
272264,大阪府,藤井寺市,オオサカフ,フジイデラシ
272272,大阪府,東大阪市,オオサカフ,ヒガシオオサカシ
272281,大阪府,泉南市,オオサカフ,センナンシ
272299,大阪府,四條畷市,オオサカフ,シジヨウナワテシ
272302,大阪府,交野市,オオサカフ,カタノシ
272311,大阪府,大阪狭山市,オオサカフ,オオサカサヤマシ
272329,大阪府,阪南市,オオサカフ,ハンナンシ
273015,大阪府,島本町,オオサカフ,シマモトチョウ
273210,大阪府,豊能町,オオサカフ,トヨノチョウ
273228,大阪府,能勢町,オオサカフ,ノセチョウ
273414,大阪府,忠岡町,オオサカフ,タダオカチョウ
273619,大阪府,熊取町,オオサカフ,クマトリチョウ
273627,大阪府,田尻町,オオサカフ,タジリチョウ
273660,大阪府,岬町,オオサカフ,ミサキチョウ
273813,大阪府,太子町,オオサカフ,タイシチョウ
273821,大阪府,河南町,オオサカフ,カナンチョウ
273830,大阪府,千早赤阪村,オオサカフ,チハヤアカサカムラ
280003,兵庫県,,ヒョウゴケン,
281000,兵庫県,神戸市,ヒョウゴケン,コウベシ
282014,兵庫県,姫路市,ヒョウゴケン,ヒメジシ
282022,兵庫県,尼崎市,ヒョウゴケン,アマガサキシ
282031,兵庫県,明石市,ヒョウゴケン,アカシシ
282049,兵庫県,西宮市,ヒョウゴケン,ニシノミヤシ
282057,兵庫県,洲本市,ヒョウゴケン,スモトシ
282065,兵庫県,芦屋市,ヒョウゴケン,アシヤシ
282073,兵庫県,伊丹市,ヒョウゴケン,イタミシ
282081,兵庫県,相生市,ヒョウゴケン,アイオイシ
282090,兵庫県,豊岡市,ヒョウゴケン,トヨオカシ
282103,兵庫県,加古川市,ヒョウゴケン,カコガワシ
282120,兵庫県,赤穂市,ヒョウゴケン,アコウシ
282138,兵庫県,西脇市,ヒョウゴケン,ニシワキシ
282146,兵庫県,宝塚市,ヒョウゴケン,タカラヅカシ
282154,兵庫県,三木市,ヒョウゴケン,ミキシ
282162,兵庫県,高砂市,ヒョウゴケン,タカサゴシ
282171,兵庫県,川西市,ヒョウゴケン,カワニシシ
282189,兵庫県,小野市,ヒョウゴケン,オノシ
282197,兵庫県,三田市,ヒョウゴケン,サンダシ
282201,兵庫県,加西市,ヒョウゴケン,カサイシ
282219,兵庫県,篠山市,ヒョウゴケン,ササヤマシ
282227,兵庫県,養父市,ヒョウゴケン,ヤブシ
282235,兵庫県,丹波市,ヒョウゴケン,タンバシ
282243,兵庫県,南あわじ市,ヒョウゴケン,ミナミアワジシ
282251,兵庫県,朝来市,ヒョウゴケン,アサゴシ
282260,兵庫県,淡路市,ヒョウゴケン,アワジシ
282278,兵庫県,宍粟市,ヒョウゴケン,シソウシ
282286,兵庫県,加東市,ヒョウゴケン,カトウシ
282294,兵庫県,たつの市,ヒョウゴケン,タツノシ
283011,兵庫県,猪名川町,ヒョウゴケン,イナガワチョウ
283657,兵庫県,多可町,ヒョウゴケン,タカチョウ
283819,兵庫県,稲美町,ヒョウゴケン,イナミチョウ
283827,兵庫県,播磨町,ヒョウゴケン,ハリマチョウ
284424,兵庫県,市川町,ヒョウゴケン,イチカワチョウ
284432,兵庫県,福崎町,ヒョウゴケン,フクサキチョウ
284467,兵庫県,神河町,ヒョウゴケン,カミカワチョウ
284645,兵庫県,太子町,ヒョウゴケン,タイシチョウ
284815,兵庫県,上郡町,ヒョウゴケン,カミゴオリチョウ
285013,兵庫県,佐用町,ヒョウゴケン,サヨウチョウ
285854,兵庫県,香美町,ヒョウゴケン,カミチョウ
285862,兵庫県,新温泉町,ヒョウゴケン,シンオンセンチョウ
290009,奈良県,,ナラケン,
292010,奈良県,奈良市,ナラケン,ナラシ
292028,奈良県,大和高田市,ナラケン,ヤマトタカダシ
292036,奈良県,大和郡山市,ナラケン,ヤマトコオリヤマシ
292044,奈良県,天理市,ナラケン,テンリシ
292052,奈良県,橿原市,ナラケン,カシハラシ
292061,奈良県,桜井市,ナラケン,サクライシ
292079,奈良県,五條市,ナラケン,ゴジョウシ
292087,奈良県,御所市,ナラケン,ゴセシ
292095,奈良県,生駒市,ナラケン,イコマシ
292109,奈良県,香芝市,ナラケン,カシバシ
292117,奈良県,葛城市,ナラケン,カツラギシ
292125,奈良県,宇陀市,ナラケン,ウダシ
293229,奈良県,山添村,ナラケン,ヤマゾエムラ
293423,奈良県,平群町,ナラケン,ヘグリチョウ
293431,奈良県,三郷町,ナラケン,サンゴウチョウ
293440,奈良県,斑鳩町,ナラケン,イカルガチョウ
293458,奈良県,安堵町,ナラケン,アンドチョウ
293610,奈良県,川西町,ナラケン,カワニシチョウ
293628,奈良県,三宅町,ナラケン,ミヤケチョウ
293636,奈良県,田原本町,ナラケン,タワラモトチョウ
293857,奈良県,曽爾村,ナラケン,ソニムラ
293865,奈良県,御杖村,ナラケン,ミツエムラ
294012,奈良県,高取町,ナラケン,タカトリチョウ
294021,奈良県,明日香村,ナラケン,アスカムラ
294241,奈良県,上牧町,ナラケン,カンマキチョウ
294250,奈良県,王寺町,ナラケン,オウジチョウ
294268,奈良県,広陵町,ナラケン,コウリヨウチョウ
294276,奈良県,河合町,ナラケン,カワイチョウ
294411,奈良県,吉野町,ナラケン,ヨシノチョウ
294420,奈良県,大淀町,ナラケン,オオヨドチョウ
294438,奈良県,下市町,ナラケン,シモイチチョウ
294446,奈良県,黒滝村,ナラケン,クロタキムラ
294462,奈良県,天川村,ナラケン,テンカワムラ
294471,奈良県,野迫川村,ナラケン,ノセガワムラ
294497,奈良県,十津川村,ナラケン,トツカワムラ
294501,奈良県,下北山村,ナラケン,シモキタヤマムラ
294519,奈良県,上北山村,ナラケン,カミキタヤマムラ
294527,奈良県,川上村,ナラケン,カワカミムラ
294535,奈良県,東吉野村,ナラケン,ヒガシヨシノムラ
300004,和歌山県,,ワカヤマケン,
302015,和歌山県,和歌山市,ワカヤマケン,ワカヤマシ
302023,和歌山県,海南市,ワカヤマケン,カイナンシ
302031,和歌山県,橋本市,ワカヤマケン,ハシモトシ
302040,和歌山県,有田市,ワカヤマケン,アリダシ
302058,和歌山県,御坊市,ワカヤマケン,ゴボウシ
302066,和歌山県,田辺市,ワカヤマケン,タナベシ
302074,和歌山県,新宮市,ワカヤマケン,シングウシ
302082,和歌山県,紀の川市,ワカヤマケン,キノカワシ
302091,和歌山県,岩出市,ワカヤマケン,イワデシ
303046,和歌山県,紀美野町,ワカヤマケン,キミノチョウ
303411,和歌山県,かつらぎ町,ワカヤマケン,カツラギチョウ
303437,和歌山県,九度山町,ワカヤマケン,クドヤマチョウ
303445,和歌山県,高野町,ワカヤマケン,コウヤチョウ
303615,和歌山県,湯浅町,ワカヤマケン,ユアサチョウ
303623,和歌山県,広川町,ワカヤマケン,ヒロガワチョウ
303666,和歌山県,有田川町,ワカヤマケン,アリダガワチョウ
303810,和歌山県,美浜町,ワカヤマケン,ミハマチョウ
303828,和歌山県,日高町,ワカヤマケン,ヒダカチョウ
303836,和歌山県,由良町,ワカヤマケン,ユラチョウ
303909,和歌山県,印南町,ワカヤマケン,イナミチョウ
303917,和歌山県,みなべ町,ワカヤマケン,ミナベチョウ
303925,和歌山県,日高川町,ワカヤマケン,ヒダカガワチョウ
304018,和歌山県,白浜町,ワカヤマケン,シラハマチョウ
304042,和歌山県,上富田町,ワカヤマケン,カミトンダチョウ
304069,和歌山県,すさみ町,ワカヤマケン,スサミチョウ
304212,和歌山県,那智勝浦町,ワカヤマケン,ナチカツウラチョウ
304221,和歌山県,太地町,ワカヤマケン,タイジチョウ
304247,和歌山県,古座川町,ワカヤマケン,コザガワチョウ
304271,和歌山県,北山村,ワカヤマケン,キタヤマムラ
304280,和歌山県,串本町,ワカヤマケン,クシモトチョウ
310000,鳥取県,,トットリケン,
312011,鳥取県,鳥取市,トットリケン,トットリシ
312029,鳥取県,米子市,トットリケン,ヨナゴシ
312037,鳥取県,倉吉市,トットリケン,クラヨシシ
312045,鳥取県,境港市,トットリケン,サカイミナトシ
313025,鳥取県,岩美町,トットリケン,イワミチョウ
313254,鳥取県,若桜町,トットリケン,ワカサチョウ
313289,鳥取県,智頭町,トットリケン,チヅチョウ
313297,鳥取県,八頭町,トットリケン,ヤズチョウ
313645,鳥取県,三朝町,トットリケン,ミササチョウ
313700,鳥取県,湯梨浜町,トットリケン,ユリハマチョウ
313718,鳥取県,琴浦町,トットリケン,コトウラチョウ
313726,鳥取県,北栄町,トットリケン,ホクエイチョウ
313840,鳥取県,日吉津村,トットリケン,ヒエヅソン
313866,鳥取県,大山町,トットリケン,ダイセンチョウ
313891,鳥取県,南部町,トットリケン,ナンブチョウ
313904,鳥取県,伯耆町,トットリケン,ホウキチョウ
314013,鳥取県,日南町,トットリケン,ニチナンチョウ
314021,鳥取県,日野町,トットリケン,ヒノチョウ
314030,鳥取県,江府町,トットリケン,コウフチョウ
320005,島根県,,シマネケン,
322016,島根県,松江市,シマネケン,マツエシ
322024,島根県,浜田市,シマネケン,ハマダシ
322032,島根県,出雲市,シマネケン,イズモシ
322041,島根県,益田市,シマネケン,マスダシ
322059,島根県,大田市,シマネケン,オオダシ
322067,島根県,安来市,シマネケン,ヤスギシ
322075,島根県,江津市,シマネケン,ゴウツシ
322091,島根県,雲南市,シマネケン,ウンナンシ
323438,島根県,奥出雲町,シマネケン,オクイズモチョウ
323861,島根県,飯南町,シマネケン,イイナンチョウ
324418,島根県,川本町,シマネケン,カワモトマチ
324485,島根県,美郷町,シマネケン,ミサトチョウ
324493,島根県,邑南町,シマネケン,オオナンチョウ
325015,島根県,津和野町,シマネケン,ツワノチョウ
325058,島根県,吉賀町,シマネケン,ヨシカチョウ
325252,島根県,海士町,シマネケン,アマチョウ
325261,島根県,西ノ島町,シマネケン,ニシノシマチョウ
325279,島根県,知夫村,シマネケン,チブムラ
325287,島根県,隠岐の島町,シマネケン,オキノシマチョウ
330001,岡山県,,オカヤマケン,
331007,岡山県,岡山市,オカヤマケン,オカヤマシ
332020,岡山県,倉敷市,オカヤマケン,クラシキシ
332038,岡山県,津山市,オカヤマケン,ツヤマシ
332046,岡山県,玉野市,オカヤマケン,タマノシ
332054,岡山県,笠岡市,オカヤマケン,カサオカシ
332071,岡山県,井原市,オカヤマケン,イバラシ
332089,岡山県,総社市,オカヤマケン,ソウジヤシ
332097,岡山県,高梁市,オカヤマケン,タカハシシ
332101,岡山県,新見市,オカヤマケン,ニイミシ
332119,岡山県,備前市,オカヤマケン,ビゼンシ
332127,岡山県,瀬戸内市,オカヤマケン,セトウチシ
332135,岡山県,赤磐市,オカヤマケン,アカイワシ
332143,岡山県,真庭市,オカヤマケン,マニワシ
332151,岡山県,美作市,オカヤマケン,ミマサカシ
332160,岡山県,浅口市,オカヤマケン,アサクチシ
333468,岡山県,和気町,オカヤマケン,ワケチョウ
334235,岡山県,早島町,オカヤマケン,ハヤシマチョウ
334456,岡山県,里庄町,オカヤマケン,サトショウチョウ
334618,岡山県,矢掛町,オカヤマケン,ヤカゲチョウ
335860,岡山県,新庄村,オカヤマケン,シンジヨウソン
336068,岡山県,鏡野町,オカヤマケン,カガミノチョウ
336220,岡山県,勝央町,オカヤマケン,ショウオウチョウ
336238,岡山県,奈義町,オカヤマケン,ナギチョウ
336432,岡山県,西粟倉村,オカヤマケン,ニシアワクラソン
336637,岡山県,久米南町,オカヤマケン,クメナンチョウ
336661,岡山県,美咲町,オカヤマケン,ミサキチョウ
336815,岡山県,吉備中央町,オカヤマケン,キビチュウオウチョウ
340006,広島県,,ヒロシマケン,
341002,広島県,広島市,ヒロシマケン,ヒロシマシ
342025,広島県,呉市,ヒロシマケン,クレシ
342033,広島県,竹原市,ヒロシマケン,タケハラシ
342041,広島県,三原市,ヒロシマケン,ミハラシ
342050,広島県,尾道市,ヒロシマケン,オノミチシ
342076,広島県,福山市,ヒロシマケン,フクヤマシ
342084,広島県,府中市,ヒロシマケン,フチュウシ
342092,広島県,三次市,ヒロシマケン,ミヨシシ
342106,広島県,庄原市,ヒロシマケン,ショウバラシ
342114,広島県,大竹市,ヒロシマケン,オオタケシ
342122,広島県,東広島市,ヒロシマケン,ヒガシヒロシマシ
342131,広島県,廿日市市,ヒロシマケン,ハツカイチシ
342149,広島県,安芸高田市,ヒロシマケン,アキタカタシ
342157,広島県,江田島市,ヒロシマケン,エタジマシ
343021,広島県,府中町,ヒロシマケン,フチュウチョウ
343048,広島県,海田町,ヒロシマケン,カイタチョウ
343072,広島県,熊野町,ヒロシマケン,クマノチョウ
343099,広島県,坂町,ヒロシマケン,サカチョウ
343684,広島県,安芸太田町,ヒロシマケン,アキオオタチョウ
343692,広島県,北広島町,ヒロシマケン,キタヒロシマチョウ
344311,広島県,大崎上島町,ヒロシマケン,オオサキカミジマチョウ
344621,広島県,世羅町,ヒロシマケン,セラチョウ
345458,広島県,神石高原町,ヒロシマケン,ジンセキコウゲンチョウ
350001,山口県,,ヤマグチケン,
352012,山口県,下関市,ヤマグチケン,シモノセキシ
352021,山口県,宇部市,ヤマグチケン,ウベシ
352039,山口県,山口市,ヤマグチケン,ヤマグチシ
352047,山口県,萩市,ヤマグチケン,ハギシ
352063,山口県,防府市,ヤマグチケン,ホウフシ
352071,山口県,下松市,ヤマグチケン,クダマツシ
352080,山口県,岩国市,ヤマグチケン,イワクニシ
352101,山口県,光市,ヤマグチケン,ヒカリシ
352110,山口県,長門市,ヤマグチケン,ナガトシ
352128,山口県,柳井市,ヤマグチケン,ヤナイシ
352136,山口県,美祢市,ヤマグチケン,ミネシ
352152,山口県,周南市,ヤマグチケン,シュウナンシ
352161,山口県,山陽小野田市,ヤマグチケン,サンヨウオノダシ
353051,山口県,周防大島町,ヤマグチケン,スオウオオシマチョウ
353213,山口県,和木町,ヤマグチケン,ワキチョウ
353418,山口県,上関町,ヤマグチケン,カミノセキチョウ
353434,山口県,田布施町,ヤマグチケン,タブセチョウ
353442,山口県,平生町,ヤマグチケン,ヒラオチョウ
355020,山口県,阿武町,ヤマグチケン,アブチョウ
360007,徳島県,,トクシマケン,
362018,徳島県,徳島市,トクシマケン,トクシマシ
362026,徳島県,鳴門市,トクシマケン,ナルトシ
362034,徳島県,小松島市,トクシマケン,コマツシマシ
362042,徳島県,阿南市,トクシマケン,アナンシ
362051,徳島県,吉野川市,トクシマケン,ヨシノガワシ
362069,徳島県,阿波市,トクシマケン,アワシ
362077,徳島県,美馬市,トクシマケン,ミマシ
362085,徳島県,三好市,トクシマケン,ミヨシシ
363014,徳島県,勝浦町,トクシマケン,カツウラチョウ
363022,徳島県,上勝町,トクシマケン,カミカツチョウ
363219,徳島県,佐那河内村,トクシマケン,サナゴウチソン
363413,徳島県,石井町,トクシマケン,イシイチョウ
363421,徳島県,神山町,トクシマケン,カミヤマチョウ
363685,徳島県,那賀町,トクシマケン,ナカチョウ
363839,徳島県,牟岐町,トクシマケン,ムギチョウ
363871,徳島県,美波町,トクシマケン,ミナミチョウ
363880,徳島県,海陽町,トクシマケン,カイヨウチョウ
364011,徳島県,松茂町,トクシマケン,マツシゲチョウ
364029,徳島県,北島町,トクシマケン,キタジマチョウ
364037,徳島県,藍住町,トクシマケン,アイズミチョウ
364045,徳島県,板野町,トクシマケン,イタノチョウ
364053,徳島県,上板町,トクシマケン,カミイタチョウ
364681,徳島県,つるぎ町,トクシマケン,ツルギチョウ
364894,徳島県,東みよし町,トクシマケン,ヒガシミヨシチョウ
370002,香川県,,カガワケン,
372013,香川県,高松市,カガワケン,タカマツシ
372021,香川県,丸亀市,カガワケン,マルガメシ
372030,香川県,坂出市,カガワケン,サカイデシ
372048,香川県,善通寺市,カガワケン,ゼンツウジシ
372056,香川県,観音寺市,カガワケン,カンオンジシ
372064,香川県,さぬき市,カガワケン,サヌキシ
372072,香川県,東かがわ市,カガワケン,ヒガシカガワシ
372081,香川県,三豊市,カガワケン,ミトヨシ
373222,香川県,土庄町,カガワケン,トノショウチョウ
373249,香川県,小豆島町,カガワケン,ショウドシマチョウ
373419,香川県,三木町,カガワケン,ミキチョウ
373648,香川県,直島町,カガワケン,ナオシマチョウ
373869,香川県,宇多津町,カガワケン,ウタヅチョウ
373877,香川県,綾川町,カガワケン,アヤガワチョウ
374032,香川県,琴平町,カガワケン,コトヒラチョウ
374041,香川県,多度津町,カガワケン,タドツチョウ
374067,香川県,まんのう町,カガワケン,マンノウチョウ
380008,愛媛県,,エヒメケン,
382019,愛媛県,松山市,エヒメケン,マツヤマシ
382027,愛媛県,今治市,エヒメケン,イマバリシ
382035,愛媛県,宇和島市,エヒメケン,ウワジマシ
382043,愛媛県,八幡浜市,エヒメケン,ヤワタハマシ
382051,愛媛県,新居浜市,エヒメケン,ニイハマシ
382060,愛媛県,西条市,エヒメケン,サイジョウシ
382078,愛媛県,大洲市,エヒメケン,オオズシ
382108,愛媛県,伊予市,エヒメケン,イヨシ
382132,愛媛県,四国中央市,エヒメケン,シコクチュウオウシ
382141,愛媛県,西予市,エヒメケン,セイヨシ
382159,愛媛県,東温市,エヒメケン,トウオンシ
383562,愛媛県,上島町,エヒメケン,カミジマチョウ
383864,愛媛県,久万高原町,エヒメケン,クマコウゲンチョウ
384011,愛媛県,松前町,エヒメケン,マサキチョウ
384020,愛媛県,砥部町,エヒメケン,トベチョウ
384224,愛媛県,内子町,エヒメケン,ウチコチョウ
384429,愛媛県,伊方町,エヒメケン,イカタチョウ
384844,愛媛県,松野町,エヒメケン,マツノチョウ
384887,愛媛県,鬼北町,エヒメケン,キホクチョウ
385069,愛媛県,愛南町,エヒメケン,アイナンチョウ
390003,高知県,,コウチケン,
392014,高知県,高知市,コウチケン,コウチシ
392022,高知県,室戸市,コウチケン,ムロトシ
392031,高知県,安芸市,コウチケン,アキシ
392049,高知県,南国市,コウチケン,ナンコクシ
392057,高知県,土佐市,コウチケン,トサシ
392065,高知県,須崎市,コウチケン,スサキシ
392081,高知県,宿毛市,コウチケン,スクモシ
392090,高知県,土佐清水市,コウチケン,トサシミズシ
392103,高知県,四万十市,コウチケン,シマントシ
392111,高知県,香南市,コウチケン,コウナンシ
392120,高知県,香美市,コウチケン,カミシ
393011,高知県,東洋町,コウチケン,トウヨウチョウ
393029,高知県,奈半利町,コウチケン,ナハリチョウ
393037,高知県,田野町,コウチケン,タノチョウ
393045,高知県,安田町,コウチケン,ヤスダチョウ
393053,高知県,北川村,コウチケン,キタガワムラ
393061,高知県,馬路村,コウチケン,ウマジムラ
393070,高知県,芸西村,コウチケン,ゲイセイムラ
393410,高知県,本山町,コウチケン,モトヤマチョウ
393444,高知県,大豊町,コウチケン,オオトヨチョウ
393631,高知県,土佐町,コウチケン,トサチョウ
393649,高知県,大川村,コウチケン,オオカワムラ
393860,高知県,いの町,コウチケン,イノチョウ
393878,高知県,仁淀川町,コウチケン,ニヨドガワチョウ
394017,高知県,中土佐町,コウチケン,ナカトサチョウ
394025,高知県,佐川町,コウチケン,サカワチョウ
394033,高知県,越知町,コウチケン,オチチョウ
394050,高知県,梼原町,コウチケン,ユスハラチョウ
394106,高知県,日高村,コウチケン,ヒダカムラ
394114,高知県,津野町,コウチケン,ツノチョウ
394122,高知県,四万十町,コウチケン,シマントチョウ
394246,高知県,大月町,コウチケン,オオツキチョウ
394271,高知県,三原村,コウチケン,ミハラムラ
394289,高知県,黒潮町,コウチケン,クロシオチョウ
400009,福岡県,,フクオカケン,
401005,福岡県,北九州市,フクオカケン,キタキュウシュウシ
401307,福岡県,福岡市,フクオカケン,フクオカシ
402028,福岡県,大牟田市,フクオカケン,オオムタシ
402036,福岡県,久留米市,フクオカケン,クルメシ
402044,福岡県,直方市,フクオカケン,ノオガタシ
402052,福岡県,飯塚市,フクオカケン,イイヅカシ
402061,福岡県,田川市,フクオカケン,タガワシ
402079,福岡県,柳川市,フクオカケン,ヤナガワシ
402109,福岡県,八女市,フクオカケン,ヤメシ
402117,福岡県,筑後市,フクオカケン,チクゴシ
402125,福岡県,大川市,フクオカケン,オオカワシ
402133,福岡県,行橋市,フクオカケン,ユクハシシ
402141,福岡県,豊前市,フクオカケン,ブゼンシ
402150,福岡県,中間市,フクオカケン,ナカマシ
402168,福岡県,小郡市,フクオカケン,オゴオリシ
402176,福岡県,筑紫野市,フクオカケン,チクシノシ
402184,福岡県,春日市,フクオカケン,カスガシ
402192,福岡県,大野城市,フクオカケン,オオノジョウシ
402206,福岡県,宗像市,フクオカケン,ムナカタシ
402214,福岡県,太宰府市,フクオカケン,ダザイフシ
402231,福岡県,古賀市,フクオカケン,コガシ
402249,福岡県,福津市,フクオカケン,フクツシ
402257,福岡県,うきは市,フクオカケン,ウキハシ
402265,福岡県,宮若市,フクオカケン,ミヤワカシ
402273,福岡県,嘉麻市,フクオカケン,カマシ
402281,福岡県,朝倉市,フクオカケン,アサクラシ
402290,福岡県,みやま市,フクオカケン,ミヤマシ
402303,福岡県,糸島市,フクオカケン,イトシマシ
403059,福岡県,那珂川町,フクオカケン,ナカガワマチ
403415,福岡県,宇美町,フクオカケン,ウミマチ
403423,福岡県,篠栗町,フクオカケン,ササグリマチ
403431,福岡県,志免町,フクオカケン,シメマチ
403440,福岡県,須恵町,フクオカケン,スエマチ
403458,福岡県,新宮町,フクオカケン,シングウマチ
403482,福岡県,久山町,フクオカケン,ヒサヤママチ
403491,福岡県,粕屋町,フクオカケン,カスヤマチ
403814,福岡県,芦屋町,フクオカケン,アシヤマチ
403822,福岡県,水巻町,フクオカケン,ミズマキマチ
403831,福岡県,岡垣町,フクオカケン,オカガキマチ
403849,福岡県,遠賀町,フクオカケン,オンガチョウ
404012,福岡県,小竹町,フクオカケン,コタケマチ
404021,福岡県,鞍手町,フクオカケン,クラテマチ
404217,福岡県,桂川町,フクオカケン,ケイセンマチ
404471,福岡県,筑前町,フクオカケン,チクゼンマチ
404489,福岡県,東峰村,フクオカケン,トウホウムラ
405035,福岡県,大刀洗町,フクオカケン,タチアライマチ
405221,福岡県,大木町,フクオカケン,オオキマチ
405442,福岡県,広川町,フクオカケン,ヒロカワマチ
406015,福岡県,香春町,フクオカケン,カワラマチ
406023,福岡県,添田町,フクオカケン,ソエダマチ
406040,福岡県,糸田町,フクオカケン,イトダマチ
406058,福岡県,川崎町,フクオカケン,カワサキマチ
406082,福岡県,大任町,フクオカケン,オオトウマチ
406091,福岡県,赤村,フクオカケン,アカムラ
406104,福岡県,福智町,フクオカケン,フクチマチ
406210,福岡県,苅田町,フクオカケン,カンダマチ
406252,福岡県,みやこ町,フクオカケン,ミヤコマチ
406422,福岡県,吉富町,フクオカケン,ヨシトミマチ
406465,福岡県,上毛町,フクオカケン,コウゲマチ
406473,福岡県,築上町,フクオカケン,チクジョウマチ
410004,佐賀県,,サガケン,
412015,佐賀県,佐賀市,サガケン,サガシ
412023,佐賀県,唐津市,サガケン,カラツシ
412031,佐賀県,鳥栖市,サガケン,トスシ
412040,佐賀県,多久市,サガケン,タクシ
412058,佐賀県,伊万里市,サガケン,イマリシ
412066,佐賀県,武雄市,サガケン,タケオシ
412074,佐賀県,鹿島市,サガケン,カシマシ
412082,佐賀県,小城市,サガケン,オギシ
412091,佐賀県,嬉野市,サガケン,ウレシノシ
412104,佐賀県,神埼市,サガケン,カンザキシ
413275,佐賀県,吉野ヶ里町,サガケン,ヨシノガリチョウ
413411,佐賀県,基山町,サガケン,キヤマチョウ
413453,佐賀県,上峰町,サガケン,カミミネチョウ
413461,佐賀県,みやき町,サガケン,ミヤキチョウ
413879,佐賀県,玄海町,サガケン,ゲンカイチョウ
414018,佐賀県,有田町,サガケン,アリタチョウ
414239,佐賀県,大町町,サガケン,オオマチチョウ
414247,佐賀県,江北町,サガケン,コウホクマチ
414255,佐賀県,白石町,サガケン,シロイシチョウ
414417,佐賀県,太良町,サガケン,タラチョウ
420000,長崎県,,ナガサキケン,
422011,長崎県,長崎市,ナガサキケン,ナガサキシ
422029,長崎県,佐世保市,ナガサキケン,サセボシ
422037,長崎県,島原市,ナガサキケン,シマバラシ
422045,長崎県,諫早市,ナガサキケン,イサハヤシ
422053,長崎県,大村市,ナガサキケン,オオムラシ
422070,長崎県,平戸市,ナガサキケン,ヒラドシ
422088,長崎県,松浦市,ナガサキケン,マツウラシ
422096,長崎県,対馬市,ナガサキケン,ツシマシ
422100,長崎県,壱岐市,ナガサキケン,イキシ
422118,長崎県,五島市,ナガサキケン,ゴトウシ
422126,長崎県,西海市,ナガサキケン,サイカイシ
422134,長崎県,雲仙市,ナガサキケン,ウンゼンシ
422142,長崎県,南島原市,ナガサキケン,ミナミシマバラシ
423076,長崎県,長与町,ナガサキケン,ナガヨチョウ
423084,長崎県,時津町,ナガサキケン,トギツチョウ
423211,長崎県,東彼杵町,ナガサキケン,ヒガシソノギチョウ
423220,長崎県,川棚町,ナガサキケン,カワタナチョウ
423238,長崎県,波佐見町,ナガサキケン,ハサミチョウ
423831,長崎県,小値賀町,ナガサキケン,オヂカチョウ
423912,長崎県,佐々町,ナガサキケン,サザチョウ
424111,長崎県,新上五島町,ナガサキケン,シンカミゴトウチョウ
430005,熊本県,,クマモトケン,
431001,熊本県,熊本市,クマモトケン,クマモトシ
432024,熊本県,八代市,クマモトケン,ヤツシロシ
432032,熊本県,人吉市,クマモトケン,ヒトヨシシ
432041,熊本県,荒尾市,クマモトケン,アラオシ
432059,熊本県,水俣市,クマモトケン,ミナマタシ
432067,熊本県,玉名市,クマモトケン,タマナシ
432083,熊本県,山鹿市,クマモトケン,ヤマガシ
432105,熊本県,菊池市,クマモトケン,キクチシ
432113,熊本県,宇土市,クマモトケン,ウトシ
432121,熊本県,上天草市,クマモトケン,カミアマクサシ
432130,熊本県,宇城市,クマモトケン,ウキシ
432148,熊本県,阿蘇市,クマモトケン,アソシ
432156,熊本県,天草市,クマモトケン,アマクサシ
432164,熊本県,合志市,クマモトケン,コウシシ
433489,熊本県,美里町,クマモトケン,ミサトマチ
433641,熊本県,玉東町,クマモトケン,ギョクトウマチ
433675,熊本県,南関町,クマモトケン,ナンカンマチ
433683,熊本県,長洲町,クマモトケン,ナガスマチ
433691,熊本県,和水町,クマモトケン,ナゴミマチ
434035,熊本県,大津町,クマモトケン,オオヅマチ
434043,熊本県,菊陽町,クマモトケン,キクヨウマチ
434230,熊本県,南小国町,クマモトケン,ミナミオグニマチ
434248,熊本県,小国町,クマモトケン,オグニマチ
434256,熊本県,産山村,クマモトケン,ウブヤマムラ
434281,熊本県,高森町,クマモトケン,タカモリマチ
434329,熊本県,西原村,クマモトケン,ニシハラムラ
434337,熊本県,南阿蘇村,クマモトケン,ミナミアソムラ
434418,熊本県,御船町,クマモトケン,ミフネマチ
434426,熊本県,嘉島町,クマモトケン,カシママチ
434434,熊本県,益城町,クマモトケン,マシキマチ
434442,熊本県,甲佐町,クマモトケン,コウサマチ
434477,熊本県,山都町,クマモトケン,ヤマトチョウ
434680,熊本県,氷川町,クマモトケン,ヒカワチョウ
434825,熊本県,芦北町,クマモトケン,アシキタマチ
434841,熊本県,津奈木町,クマモトケン,ツナギマチ
435015,熊本県,錦町,クマモトケン,ニシキマチ
435058,熊本県,多良木町,クマモトケン,タラギマチ
435066,熊本県,湯前町,クマモトケン,ユノマエマチ
435074,熊本県,水上村,クマモトケン,ミズカミムラ
435104,熊本県,相良村,クマモトケン,サガラムラ
435112,熊本県,五木村,クマモトケン,イツキムラ
435121,熊本県,山江村,クマモトケン,ヤマエムラ
435139,熊本県,球磨村,クマモトケン,クマムラ
435147,熊本県,あさぎり町,クマモトケン,アサギリチョウ
435317,熊本県,苓北町,クマモトケン,レイホクマチ
440001,大分県,,オオイタケン,
442011,大分県,大分市,オオイタケン,オオイタシ
442020,大分県,別府市,オオイタケン,ベップシ
442038,大分県,中津市,オオイタケン,ナカツシ
442046,大分県,日田市,オオイタケン,ヒタシ
442054,大分県,佐伯市,オオイタケン,サイキシ
442062,大分県,臼杵市,オオイタケン,ウスキシ
442071,大分県,津久見市,オオイタケン,ツクミシ
442089,大分県,竹田市,オオイタケン,タケタシ
442097,大分県,豊後高田市,オオイタケン,ブンゴタカダシ
442101,大分県,杵築市,オオイタケン,キツキシ
442119,大分県,宇佐市,オオイタケン,ウサシ
442127,大分県,豊後大野市,オオイタケン,ブンゴオオノシ
442135,大分県,由布市,オオイタケン,ユフシ
442143,大分県,国東市,オオイタケン,クニサキシ
443221,大分県,姫島村,オオイタケン,ヒメシマムラ
443417,大分県,日出町,オオイタケン,ヒジマチ
444618,大分県,九重町,オオイタケン,ココノエマチ
444626,大分県,玖珠町,オオイタケン,クスマチ
450006,宮崎県,,ミヤザキケン,
452017,宮崎県,宮崎市,ミヤザキケン,ミヤザキシ
452025,宮崎県,都城市,ミヤザキケン,ミヤコノジョウシ
452033,宮崎県,延岡市,ミヤザキケン,ノベオカシ
452041,宮崎県,日南市,ミヤザキケン,ニチナンシ
452050,宮崎県,小林市,ミヤザキケン,コバヤシシ
452068,宮崎県,日向市,ミヤザキケン,ヒュウガシ
452076,宮崎県,串間市,ミヤザキケン,クシマシ
452084,宮崎県,西都市,ミヤザキケン,サイトシ
452092,宮崎県,えびの市,ミヤザキケン,エビノシ
453412,宮崎県,三股町,ミヤザキケン,ミマタチョウ
453617,宮崎県,高原町,ミヤザキケン,タカハルチョウ
453820,宮崎県,国富町,ミヤザキケン,クニトミチョウ
453838,宮崎県,綾町,ミヤザキケン,アヤチョウ
454010,宮崎県,高鍋町,ミヤザキケン,タカナベチョウ
454028,宮崎県,新富町,ミヤザキケン,シントミチョウ
454036,宮崎県,西米良村,ミヤザキケン,ニシメラソン
454044,宮崎県,木城町,ミヤザキケン,キジョウチョウ
454052,宮崎県,川南町,ミヤザキケン,カワミナミチョウ
454061,宮崎県,都農町,ミヤザキケン,ツノチョウ
454214,宮崎県,門川町,ミヤザキケン,カドガワチョウ
454290,宮崎県,諸塚村,ミヤザキケン,モロツカソン
454303,宮崎県,椎葉村,ミヤザキケン,シイバソン
454311,宮崎県,美郷町,ミヤザキケン,ミサトチョウ
454419,宮崎県,高千穂町,ミヤザキケン,タカチホチョウ
454427,宮崎県,日之影町,ミヤザキケン,ヒノカゲチョウ
454435,宮崎県,五ヶ瀬町,ミヤザキケン,ゴカセチョウ
460001,鹿児島県,,カゴシマケン,
462012,鹿児島県,鹿児島市,カゴシマケン,カゴシマシ
462039,鹿児島県,鹿屋市,カゴシマケン,カノヤシ
462047,鹿児島県,枕崎市,カゴシマケン,マクラザキシ
462063,鹿児島県,阿久根市,カゴシマケン,アクネシ
462080,鹿児島県,出水市,カゴシマケン,イズミシ
462101,鹿児島県,指宿市,カゴシマケン,イブスキシ
462136,鹿児島県,西之表市,カゴシマケン,ニシノオモテシ
462144,鹿児島県,垂水市,カゴシマケン,タルミズシ
462152,鹿児島県,薩摩川内市,カゴシマケン,サツマセンダイシ
462161,鹿児島県,日置市,カゴシマケン,ヒオキシ
462179,鹿児島県,曽於市,カゴシマケン,ソオシ
462187,鹿児島県,霧島市,カゴシマケン,キリシマシ
462195,鹿児島県,いちき串木野市,カゴシマケン,イチキクシキノシ
462209,鹿児島県,南さつま市,カゴシマケン,ミナミサツマシ
462217,鹿児島県,志布志市,カゴシマケン,シブシシ
462225,鹿児島県,奄美市,カゴシマケン,アマミシ
462233,鹿児島県,南九州市,カゴシマケン,ミナミキュウシュウシ
462241,鹿児島県,伊佐市,カゴシマケン,イサシ
462250,鹿児島県,姶良市,カゴシマケン,アイラシ
463035,鹿児島県,三島村,カゴシマケン,ミシマムラ
463043,鹿児島県,十島村,カゴシマケン,トシマムラ
463922,鹿児島県,さつま町,カゴシマケン,サツマチョウ
464040,鹿児島県,長島町,カゴシマケン,ナガシマチョウ
464520,鹿児島県,湧水町,カゴシマケン,ユウスイチョウ
464686,鹿児島県,大崎町,カゴシマケン,オオサキチョウ
464821,鹿児島県,東串良町,カゴシマケン,ヒガシクシラチョウ
464902,鹿児島県,錦江町,カゴシマケン,キンコウチョウ
464911,鹿児島県,南大隅町,カゴシマケン,ミナミオオスミチョウ
464929,鹿児島県,肝付町,カゴシマケン,キモツキチョウ
465011,鹿児島県,中種子町,カゴシマケン,ナカタネチョウ
465020,鹿児島県,南種子町,カゴシマケン,ミナミタネチョウ
465054,鹿児島県,屋久島町,カゴシマケン,ヤクシマチョウ
465232,鹿児島県,大和村,カゴシマケン,ヤマトソン
465241,鹿児島県,宇検村,カゴシマケン,ウケンソン
465259,鹿児島県,瀬戸内町,カゴシマケン,セトウチチョウ
465275,鹿児島県,龍郷町,カゴシマケン,タツゴウチョウ
465291,鹿児島県,喜界町,カゴシマケン,キカイチョウ
465305,鹿児島県,徳之島町,カゴシマケン,トクノシマチョウ
465313,鹿児島県,天城町,カゴシマケン,アマギチョウ
465321,鹿児島県,伊仙町,カゴシマケン,イセンチョウ
465330,鹿児島県,和泊町,カゴシマケン,ワドマリチョウ
465348,鹿児島県,知名町,カゴシマケン,チナチョウ
465356,鹿児島県,与論町,カゴシマケン,ヨロンチョウ
470007,沖縄県,,オキナワケン,
472018,沖縄県,那覇市,オキナワケン,ナハシ
472051,沖縄県,宜野湾市,オキナワケン,ギノワンシ
472077,沖縄県,石垣市,オキナワケン,イシガキシ
472085,沖縄県,浦添市,オキナワケン,ウラソエシ
472093,沖縄県,名護市,オキナワケン,ナゴシ
472107,沖縄県,糸満市,オキナワケン,イトマンシ
472115,沖縄県,沖縄市,オキナワケン,オキナワシ
472123,沖縄県,豊見城市,オキナワケン,トミグスクシ
472131,沖縄県,うるま市,オキナワケン,ウルマシ
472140,沖縄県,宮古島市,オキナワケン,ミヤコジマシ
472158,沖縄県,南城市,オキナワケン,ナンジョウシ
473014,沖縄県,国頭村,オキナワケン,クニガミソン
473022,沖縄県,大宜味村,オキナワケン,オオギミソン
473031,沖縄県,東村,オキナワケン,ヒガシソン
473065,沖縄県,今帰仁村,オキナワケン,ナキジンソン
473081,沖縄県,本部町,オキナワケン,モトブチョウ
473111,沖縄県,恩納村,オキナワケン,オンナソン
473138,沖縄県,宜野座村,オキナワケン,ギノザソン
473146,沖縄県,金武町,オキナワケン,キンチョウ
473154,沖縄県,伊江村,オキナワケン,イエソン
473243,沖縄県,読谷村,オキナワケン,ヨミタンソン
473251,沖縄県,嘉手納町,オキナワケン,カデナチョウ
473260,沖縄県,北谷町,オキナワケン,チヤタンチョウ
473278,沖縄県,北中城村,オキナワケン,キタナカグスクソン
473286,沖縄県,中城村,オキナワケン,ナカグスクソン
473294,沖縄県,西原町,オキナワケン,ニシハラチョウ
473481,沖縄県,与那原町,オキナワケン,ヨナバルチョウ
473502,沖縄県,南風原町,オキナワケン,ハエバルチョウ
473537,沖縄県,渡嘉敷村,オキナワケン,トカシキソン
473545,沖縄県,座間味村,オキナワケン,ザマミソン
473553,沖縄県,粟国村,オキナワケン,アグニソン
473561,沖縄県,渡名喜村,オキナワケン,トナキソン
473570,沖縄県,南大東村,オキナワケン,ミナミダイトウソン
473588,沖縄県,北大東村,オキナワケン,キタダイトウソン
473596,沖縄県,伊平屋村,オキナワケン,イヘヤソン
473600,沖縄県,伊是名村,オキナワケン,イゼナソン
473618,沖縄県,久米島町,オキナワケン,クメジマチョウ
473626,沖縄県,八重瀬町,オキナワケン,ヤエセチョウ
473758,沖縄県,多良間村,オキナワケン,タラマソン
473812,沖縄県,竹富町,オキナワケン,タケトミチョウ
473821,沖縄県,与那国町,オキナワケン,ヨナグニチョウ
